카드이름,혜택종류,상세혜택,상세혜택2,추가항목1,추가항목2,추가항목3,추가항목4,추가항목5,추가항목6,추가항목7,추가항목8,추가항목9
삼성카드 taptap O,통신,통신요금 10% 결제일할인,연 최대 36만원 할인 혜택!,"스타벅스50%,교통10%통신10%할인G마켓·옥션·11번가 7% 할인",통신요금 10% 결제일할인,"월 최대 3만원, 연간 36만원 할인쇼핑 1% 빅포인트 적립",커피 연 최대 12만원 할인스타벅스 50% 또는 카페 30%할인,쿠팡·11번가 등 연최대 6만원할인쇼핑 7% 할인 또는 1% 적립,"버스, 지하철, 택시요금 10% 할인","영화 연 최대 6만원 할인CGV·롯데시네마 5,000원 할인",편의점 7%할인 또는 1%적립,온라인신규회원 연회비 100% 캐시백(삼성개인신용카드 신규발급 시 제공)
카드의정석 EVERY 1,연회비지원,온라인 신규 연회비 100% 캐시백,전월실적 조건없이 1% 할인,무실적 1% + 최대 2만원 청구할인국내외 가맹점 1% 청구할인,온라인 신규 연회비 100% 캐시백,기본 할인추가할인할인 제공 시 유의사항실적 산정 방법 안내,쇼핑 1% 청구할인,항공사 1% 청구할인,카페/베이커리 1% 청구할인,편의점 1% 청구할인,대형마트 1% 청구할인,의료 업종 1% 청구할인
삼성 iD ON 카드,통신,이동통신 10% 결제일할인,내 취향을 알아서 챙기는 카드!,연 최대 48만원 할인!배달앱·스트리밍·온라인간편결제 할인,이동통신 10% 결제일할인,커피전문점·배달앱·델리 중많이 쓰는 영역 30% 자동맞춤 할인,커피전문점·배달앱·델리 중많이 쓰는 영역 30% 자동맞춤 할인,스트리밍 10% 결제일할인,교통 10% 결제일할인,온라인 간편결제 3% · 1% 결제일 할인,온라인신규회원 연회비 100% 캐시백(삼성개인신용카드 신규발급 시 제공),
신한카드 Mr.Life,연회비지원,신규 고객 연회비 100% 캐시백!,"공과금, 쇼핑 등 주요혜택 10%할인",공과금부터 쇼핑까지 생활혜택 10%주요 생활영역 연간 최대60만원 할인,신규 고객 연회비 100% 캐시백!신규 회원이면 누구나 참여 가능!,전기·도시가스 10% 할인!,4대 주유소 리터당 60원 할인!,"SKT·KT·LG U+ 10% 할인!인터넷, 집전화, 결합상품 포함 할인",이마트·롯데마트·홈플러스 10% 할인,"온라인쇼핑몰, 소셜커머스 10% 할인 라이프스타일 푸드 인테이크몰 20%",택시비 10% 결제일 할인!,"스타벅스,커피빈 등 커피전문점 10%"
taptap DRIVE,주유,주유 리터당 최대 150원 할인,주유소 리터당 최대 150원 할인!,모든주유소 리터당 최대 150원 할인온라인쇼핑온라인간편결제한도없이1%할인,주유 리터당 최대 150원 할인,편의점 10% 결제일할인,커피전문점 10% 결제일할인,온라인 간편결제 1% 할인,온라인쇼핑몰 1% 할인해외 1.5% 결제일할인,온라인신규회원 연회비 100% 캐시백(삼성개인신용카드 신규발급 시 제공),,
LOCA LIKIT 1.2,연회비지원,롯데카드 온라인신청 특별 혜택,신규 발급 100% 연회비 캐시백!,국내외 모든 가맹점 1.2% 할인!온라인에선 1.5% 더 큰 할인!,롯데카드 온라인신청 특별 혜택신규회원 연회비 100% 캐시백이벤트,국내외 가맹점 1.2% 결제일 할인온라인 결제는 1.5% 결제일 할인,카페/베이커리 업종 1.2% 결제일온라인 결제 시 1.5% 결제일 할인,쇼핑 업종 1.2% 결제일 할인온라인 결제 시 1.5% 결제일 할인,뷰티 업종 1.2% 결제일 할인온라인 결제 시 1.5% 결제일 할인,대형마트 1.2% 결제일 할인온라인 결제 시 1.5% 결제일 할인,편의점 1.2% 결제일 할인,주유소 1.2% 결제일 할인
카드의정석 EVERY MILE SKYPASS,연회비지원,온라인 신규 연회비 100% 캐시백,국내 공항라운지 동반 1인까지 무료,스카이패스 1천원당 최대 2마일 적립실적 제한없이 해외 이용 수수료 면제,온라인 신규 연회비 100% 캐시백,SKYPASS 최대 2마일 적립해외수수료 면제실적 산정 방법 안내마일리지 적립안내적립 제공 시 유의사항,국내 공항라운지 무료이용 서비스,,,,,
삼성 iD 달달할인 카드,통신,이동통신 등 생활요금 정기결제,전월실적 포함되는 정기결제 할인혜택,생활요금 정기결제 연최대 42만원할인스트리밍·온라인쇼핑몰멤버십 50%할인,이동통신 등 생활요금 정기결제연 최대 42만원 할인,아파트관리비 등 생활요금 정기결제연 최대 42만원 할인,학습지·스쿨뱅킹 등 생활요금 정기결제연 최대 42만원 할인,렌탈 등 생활요금 정기결제연 최대 42만원 할인,생명·손해보험 등 생활요금 정기결제연 최대 42만원할인,스트리밍 50% 결제일할인,온라인쇼핑몰 멤버십 50% 결제일할인,할인점 5% 결제일할인
네이버페이 taptap,간편결제,네이버페이 간편결제 10%적립,일상팩·온라인팩 선택하는 혜택!,네이버페이 간편결제 10% 적립모든가맹점 네이버페이 0.5% 적립,네이버페이 간편결제 10%적립일상팩·온라인팩 선택해서 적립,일상팩 커피·편의점·배달앱 5%적립온라인팩 간편결제 시 3천P 추가적립온오프라인 0.5% 네이버페이 적립,,,,,,
NU I&U,연회비지원,온라인 신규 연회비 100% 캐시백,Simple하게 할인에 초집중한 카드,국내가맹점 최대 1% 청구할인대중교통/카페 10% 청구할인,온라인 신규 연회비 100% 캐시백,Simple 할인국내가맹점 0.7%~1% 청구할인Two-in-One 결제서비스할인서비스 유의사항실적 산정 방법 안내,Daily 할인주유소 리터당 60~100원 청구할인,Daily 할인대중교통 10% 청구할인,"Daily 할인스타벅스, 폴바셋 10% 청구할인",편의점 0.7%~1%청구할인,대형마트 0.7%~1%청구할인,"병원, 약국 0.7%~1%청구할인"
LOCA 365,연회비지원,신규회원 연회비 100% 캐시백이벤트,신규 발급 100% 연회비 캐시백!,"관리비, 공과금 10% 할인!대중교통, 보험료, OTT 할인까지!",신규회원 연회비 100% 캐시백이벤트롯데카드 온라인신청 특별 혜택,"LOCA 365로 매달 나가는관리비, 공과금 10% 결제일 할인",이동통신비 10% 결제일 할인이동통신비 2~3개월 무이자 할부,대중교통 10% 결제일 할인,배달앱 10% 결제일 할인배달앱 2~3개월 무이자 할부,보험료 10% 결제일 할인보험료 2~3개월 무이자 할부,학습지 10% 결제일 할인학습지 2~3개월 무이자 할부,"스트리밍 서비스 1,500원 할인스트리밍 2~3개월 무이자 할부"
삼성 iD EV 카드,주유,전기차 충전요금,전기차 맞춤혜택 할인카드,전기차 충전요금 최대 70% 할인 주차장·하이패스·대리운전 10% 할인,전기차 충전요금최대 70% 결제일할인,주차장·대리운전 10% 결제일할인,하이패스 10% 결제일할인,현대해상 다이렉트자동차보험 3만원 할인,배달앱 10% 결제일할인,스트리밍 20% 결제일할인,해외 결제건 1% 결제일할인,온라인신규회원 연회비 100% 캐시백(삼성개인신용카드 신규발급 시 제공)
롯데 포인트플러스 카드,연회비지원,롯데카드 온라인신청 특별 혜택,신규 발급 100% 연회비 캐시백!,L.POINT 제휴사 더블적립 서비스6개월 슬림 할부 서비스!,롯데카드 온라인신청 특별 혜택신규회원 연회비 100% 캐시백이벤트,더블포인트 적립 서비스L.POINT 모든 제휴사에서,6개월 슬림 할부 서비스롯데백화점 5% 현장할인롯데면세점 최대 10% 현장할인토이저러스 3개월 무이자 할부 서비스,6개월 슬림 할부 서비스롯데마트· 롯데슈퍼 무이자할부 서비스,SK주유소 리터당 50포인트 적립,T.G.I. FRiDAY'S10% 현장할인미스터피자 15% 현장할인,롯데월드 50% 현장할인경주월드·대전오월드·광주패밀리랜드·통도환타지아 50% 현장할인서울랜드 30% 현장할인,롯데시네마 영화관람료 청구할인
롯데백화점 롯데카드,쇼핑,롯데백화점 15% 청구할인 서비스,롯데카드만의 롯데백화점 할인특화 카드,롯데백화점 15% 청구할인 서비스!롯데백화점 12개월 할부서비스!,롯데백화점 15% 청구할인 서비스롯데백화점 5%현장할인 e-쿠폰 제공롯데백화점 12개월 할부 서비스,롯데카드 온라인 신청 특별 혜택신규회원 연회비 100% 캐시백이벤트,,,,,,
삼성 iD SIMPLE 카드,언제나할인,국내외 가맹점 최대 1%할인,SIMPLE과 함께라면 할인 가능!,가벼운 연회비에 든든한 할인까지국내외 가맹점에서 0.7%·1% 할인,국내외 가맹점 최대 1%할인,온라인쇼핑몰 멤버십 50%할인,"영화3,000원할인",카페업종 0.7 · 1%할인,외식업종 0.7 · 1%할인,온라인신규회원 연회비 100% 캐시백(삼성개인신용카드 신규발급 시 제공),,
taptap DIGITAL,간편결제,삼성페이 네이버페이 카카오페이 등,스트리밍 50% 결제일할인!,넷플릭스·멜론 등 스트리밍 50%할인온라인 간편결제 연 최대 24만원할인,삼성페이 네이버페이 카카오페이 등온라인 간편결제 5% 결제일할인,넷플릭스 웨이브 티빙 멜론 왓챠 등스트리밍 50% 결제일할인,편의점 10% 결제일할인,올리브영 롭스 랄라블라 등헬스&뷰티 10% 결제일할인,해외 1.5% 결제일할인다이소 10% 결제일할인,온라인신규회원 연회비 100% 캐시백(삼성개인신용카드 신규발급 시 제공),,
엠베스트 엘리하이 삼성카드,교육,메가스터디교육 월 최대 12천원 할인,메가스터디교육비 할인 혜택!,"메가스터디교육 월 최대 12천원 할인생활요금 최대 3,000원 결제일할인",메가스터디교육 월 최대 12천원 할인,아파트관리비 등 생활요금 결제일할인,이동통신 등 생활요금 결제일할인,보험 등 생활요금 결제일할인,,,,
KB국민 청춘대로 톡톡카드,연회비지원,온라인신규신청 연회비 100% 캐시백,"스타벅스 최대60%할인, 혜택이 톡톡","스타벅스최대60%·교통·통신10%할인버거/패스트푸드, 간편결제등 할인까지",온라인신규신청 연회비 100% 캐시백홈페이지 내 신용카드 최초 발급 시,"스타벅스 최대60% 할인간편결제(Pay) 이용 시,카페/베이커리 10% 할인간편결제(Pay) 이용 시,","버거/패스트푸드 최대 30% 할인!간편결제(Pay) 이용 시,외식업종 10%할인간편결제(Pay) 이용 시,",3대 통신사 통신요금 10% 할인,"버스, 지하철, 택시 10% 할인","간편결제(Pay) 이용 시 10%할인네이버페이, 카카오페이, 삼성페이 등","간편결제(Pay) 이용 시 10%할인백화점, 온라인쇼핑 등 쇼핑영역","간편결제(Pay) 이용 시 10%할인CGV, 롯데시네마 등 영화관"
KB국민 굿데이카드,주유,리터당 60원 청구할인,생활업종 할인으로 혜택 가득한 하루!,통신·교통·외식·편의점·약국 등 할인연회비5천원에 연최대 70만8천원할인,"리터당 60원 청구할인SK, GS칼텍스 등 주유가맹점에서","10% 청구할인전화요금,인터넷,케이블TV 업종에서","이용 시 10% 청구할인대중교통 (버스, 지하철), 택시","이용 시 10% 청구할인일반음식점,레스토랑,주점 등 외식업종",모든 약국 업종 이용시 10% 할인굿데이카드로 부담없이 마스크 구입,학원부터 독서실 업종까지 10%할인!외국어·예체능·자동차학원·독서실 등,"커피전문점 이용 시 10% 청구할인스타벅스, 커피빈 등","편의점 이용 시 10% 청구할인CU,GS25,미니스톱등"
KB국민 톡톡Pay카드,연회비지원,온라인신규신청 연회비 100% 캐시백,온오프라인 모든간편결제 최대40%할인,삼성·카카오페이등 간편결제 최대40%대중교통·편의점 10% 할인까지!,온라인신규신청 연회비 100% 캐시백홈페이지 내 신용카드 최초 발급 시,이용시 모든 결제금액 최대 40%할인네이버·삼성·카카오페이 등 간편결제,"10% 청구할인대중교통 (버스, 지하철) 이용 시","10% 청구할인GS25, CU 편의점 이용 시","간편결제 사용시 최대 40% 청구할인스타벅스, 커피빈 등 커피전문점","간편결제 사용시 최대 40% 청구할인이마트, 홈플러스 등 전국 대형마트","간편결제 사용시 최대 40% 청구할인G마켓, 쿠팡 등 모든 인터넷 쇼핑몰","간편결제 사용시 최대 40% 청구할인일반음식점,레스토랑,뷔페 등 외식업종"
NU Uniq,연회비지원,온라인 신규 연회비 100% 캐시백,전월실적 없이 할인 및 자동맞춤적립,"자주쓰는 업종은 자동으로 적립한번더 실적,할인한도 없이 기본 할인",온라인 신규 연회비 100% 캐시백,국내 가맹점 0.5% 청구할인,우리페이 결제시 0.3% 추가청구할인,LIVING소셜커머스 1.5%청구할인,LIVING 배달앱 1.5% 청구할인,LIVING대형할인점 1.5%청구할인,LIVING 교통 1.5% 청구할인,LIVING 교통 1.5% 청구할인
신세계이마트 삼성카드 7,쇼핑,신세계백화점 5% 할인,신세계백화점 5% 할인쿠폰 제공,"신세계백화점 5%, 이마트 6천원할인주말 업종별 최대3%적립, 무이자할부",신세계백화점 5% 할인모든가맹점 주말 2~3개월 무이자할부신세계백화점 무료주차권 월 2매 제공,업종별 최대 3% 빅포인트 적립신세계· 이마트 포인트 적립,이마트 6천원 결제일할인,"놀이공원50%, 워터파크30% 할인",CGV 3천원 할인,,,
롯데월드카드 (삼성카드),언제나할인,국내 가맹점 0.5% 결제일할인,연 최대 26만원 할인 혜택,"롯데월드 종합이용권 2인 50% 할인아파트관리비,주유 7% 할인",국내 가맹점 0.5% 결제일할인,온라인서점 7% 결제일할인스트리밍 2천원 결제일할인,롯데월드 입장권 2인 50% 할인롯데월드 연간이용권 최대 25% 할인롯데월드 기타서비스 최대 50% 할인롯데월드직영기념품샵 10% 할인어드벤처 매직패스프리미엄 구매 혜택,온라인쇼핑몰 7% 결제일할인신선식품 배송 7% 결제일할인해외 1.5% 결제일할인,배달앱 7% 결제일할인,모든 주유소 7% 결제일할인,아파트관리비 7% 결제일할인,
삼성카드 & MILEAGE PLATINUM(스카이패스),항공마일리지,스카이패스 1천원당 1마일 적립,스카이패스 1천원당 최대 2마일 적립,"스카이패스 천원당 최대 2마일 적립인천공항 마티나라운지, 발렛파킹 무료",스카이패스 1천원당 1마일 적립특별적립처 1천원당 2마일리지 적립,"인천공항 마티나라운지, 발렛파킹 무료면세점·호텔·스파 등 아멕스 서비스",신세계·롯데·현대·갤러리아 등1천원당 스카이패스 2마일리지 적립,S-OIL·GS칼텍스·SK에너지 등1천원당 스카이패스 2마일리지 적립,스타벅스·커피빈·카페베네·할리스 등1천원당 스카이패스 2마일리지 적립,CU·세븐일레븐·GS25·미니스톱 등1천원당 스카이패스 2마일리지 적립,택시 1천원당 스카이패스 2마일 적립,온라인신규회원 연회비 100% 캐시백(삼성개인신용카드 신규발급 시 제공)
I’m YOLO 플래티넘 카드,연회비지원,롯데카드 온라인신청 특별혜택,신규 발급 100% 연회비 캐시백!,쓸때마다 1천원당 1마일리지 적립!공항라운지 연 3회 무료 이용!,롯데카드 온라인신청 특별혜택신규회원 연회비 100% 캐시백이벤트,공항라운지 무료 이용 서비스Mastercard Platinum ,국내외 가맹점에서 1마일리지 적립추가 적립까지 최대 2마일리지 적립!,,,,,
삼성 iD PET 카드,반려동물,동물병원 30% 할인,소중한 내 반려동물을 위한 맞춤혜택,"동물병원, 반려동물쇼핑몰 30%할인스트리밍 10%, 해외 1.5% 할인",동물병원 30% 할인,반려동물쇼핑몰 30% 할인해외 1.5% 할인,온라인 간편결제 5% 할인,손해보험 10% 할인,스트리밍 10% 할인,"편의점 1,000원 할인","커피전문점 1,000원 할인",온라인신규회원 연회비 100% 캐시백(삼성개인신용카드 신규발급 시 제공)
삼성카드 taptap S,포인트/캐시백,모든 가맹점 1% 빅포인트 적립,모든 가맹점 1% 적립 혜택!,"심플하지만 실속있는 1% 적립 혜택!모든 주유소, 모든 영화관 할인",모든 가맹점 1% 빅포인트 적립,모든 주유소·LPG충전소 2천원 할인,모든 영화관 5천원 결제일할인,,,,,
MY S-OIL 삼성카드,주유,S-OIL 10%  할인,S-OIL 월 최대 3만원 할인혜택,S-OIL 주유 10% 할인S-OIL 포인트 적립서비스,S-OIL 10%  할인,S-OIL 포인트 적립 서비스,스타벅스 DT 30% 결제일할인,고속도로 통행료 10% 결제일할인,주차장·대리운전 10% 할인,,,
CJ삼성iD카드,쇼핑,CJ온스타일 7% 할인,CJ제휴브랜드 매니아를 위한 카드!,"올리브영 10%할인, 티빙 30%할인일상 할인혜택 모아모아",CJ온스타일 7% 할인,올리브영 10% 할인,뚜레쥬르 10% 할인,VIPS 20% 할인배달앱 5% 할인,CGV영화티켓 최대8천원 할인,티빙 이용료 정기결제 시 30% 할인,이동통신요금 정기결제 시 5% 할인,편의점 5% 할인
삼성 iD EDU 카드,교육,학원·인터넷강의·학습지 10% 할인,교육 맞춤 할인혜택으로 부담없이!,학원/인터넷강의/학습지 10%할인배달앱 5% 결제일할인,학원·인터넷강의·학습지 10% 할인,"아파트관리비 5,000원 결제일할인",온라인쇼핑몰 멤버십 50% 결제일할인,배달앱 5% 결제일할인,해외 1.5% 결제일할인,,,
삼성 iD ENERGY 카드,주유,"주유 건별 10,000원 결제일할인",주유 건별 1만원 결제일할인 혜택,"주유 건별 10,000원 할인주차장·대리운전·통행료 10% 할인","주유 건별 10,000원 결제일할인전기차 충전요금 10% 결제일할인",버스·지하철·택시 10% 결제일할인,주차장·대리운전 10% 결제일할인스피드메이트 차량 점검 서비스,고속도로 통행료 10% 결제일할인,스타벅스 DT 30% 결제일할인,온라인신규회원 연회비 100% 캐시백(삼성개인신용카드 신규발급 시 제공),,
KB국민 My WE:SH 카드,연회비지원,온라인신규신청 연회비 100% 캐시백,"음식점부터 OTT, 통신료 할인까지!","음식점최대20%, OTT30% 할인커피 최대15%,영화관 최대40%할인",온라인신규신청 연회비 100% 캐시백홈페이지 내 신용카드 최초 발급 시,KB Pay 10% 할인,"GS25, CU 최대 20% 할인",패밀리레스토랑등 음식점 최대20%할인배달의민족등 배달앱 최대 15% 할인,"SKT,KT,LGU+등 10% 할인",택시 5% 할인,"넷플릭스, 티빙 등 OTT 30%할인교보문고등 온라인서점 최대15% 할인",카페 최대 15% 할인
LOCA Mobility 반띵 카드,연회비지원,롯데카드 온라인신청 특별 혜택,신규 발급 100% 연회비 캐시백!,연간 최대 54만원 할인 혜택!반띵 카드로 교통&생활 반띵!,롯데카드 온라인신청 특별 혜택신규회원 연회비 100% 캐시백이벤트,"LOCA로 대중교통 반띵!버스, 지하철 50% 결제일 할인",LOCA로 미용실도 반띵!미용실 가맹점 50% 결제일 할인,LOCA로 온라인쇼핑도 반띵!쿠팡 위메프 등 50% 결제일 할인LOCA로 멤버십도 반띵!쇼핑 멤버십 50% 결제일 할인,"LOCA로 스트리밍도 반띵!넷플릭스,유튜브 등 50% 결제일할인",LOCA로 커피도 반띵!스타벅스 50% 결제일 할인,,
삼성 iD AUTO 카드,주유,주유 리터당 70원·90원 할인,내 차를 위한 기분 좋은 선택,"주유 리터당 70원 / 90원 할인주차장,하이패스,대리운전 10% 할인",주유 리터당 70원·90원 할인,하이패스 10% 결제일 할인,주차장·대리운전 10% 결제일 할인차량 점검 서비스,영화 5천원 결제일 할인,할인점 1.5% 결제일 할인,편의점 1.5% 결제일 할인,배달앱 1.5% 결제일 할인,온라인쇼핑몰 1.5% 결제일 할인
LOCA 나누기 카드,연회비지원,롯데카드 온라인신청 특별 혜택,필요할 때마다 부담없이 나눠내기!,"수수료 없이 3개월, 6개월로 나누기이용금액에 따라 나누기 납부혜택!",롯데카드 온라인신청 특별 혜택신규회원 연회비 100% 캐시백이벤트,"이용금액에 따라3개월,6개월로 나누기추가 수수료 없는 납부 혜택!LOCA 나누기 혜택 안내",,,,,,
아시아나 삼성애니패스플래티늄,항공마일리지,아시아나 1천원당 1~5마일 적립,아시아나 항공마일리지 적립추천!,"아시아나 1천원당 최대 5마일 적립놀이공원 50%, 스타벅스·영화관할인",아시아나 1천원당 1~5마일 적립,S-OIL 리터당 40 포인트 적립,"스타벅스 1,000원 결제일할인","CGV, YES24 영화 할인","놀이공원50%, 워터파크30% 할인",엔진오일 교환시 1만5천원 현장할인,,
LOCA LIKIT,연회비지원,롯데카드 온라인신청 특별 혜택,신규 발급 100% 연회비 캐시백!,연 최대 42만원 할인 혜택!스타벅스 최대 60% 할인,롯데카드 온라인신청 특별 혜택신규회원 연회비 100% 캐시백이벤트,LOCA LIKIT으로롯데시네마·CGV 50% 결제일 할인,"LOCA LIKIT으로시내버스, 지하철 10% 결제일 할인",LOCA LIKIT으로이동통신 10% 결제일 할인,LOCA LIKIT으로배달앱 5% 결제일 할인,LOCA LIKIT으로스타벅스 최대 60% 할인,,
국민행복 삼성카드 V2,국민행복카드,임신·출산진료비 지원 국가바우처,"쿠팡, 마켓컬리, 어린이집 7% 할인","쇼핑, 보육, 생활요금 7% 할인임신·출산·육아 국가바우처 제공",임신·출산진료비 지원 국가바우처,백화점·할인점·온라인쇼핑몰 등쇼핑 7% 할인해외 1.5% 할인신세계백화점 제휴 서비스,산후조리원 7% 할인,학원·학습지·온라인서점어린이집·유치원 7% 할인,주유 7% 할인,아파트 관리비·도시가스요금·전기요금자동납부 연결 시 7% 할인,통신 자동납부 연결시 7% 할인,렌탈 자동납부 연결시 7% 할인
네이버웹툰 삼성 iD 카드,포인트/캐시백,네이버디지털콘텐츠/네이버플러스멤버십,똑똑한 독자라면 네이버웹툰삼성iD카드,"네이버웹툰,시리즈,시리즈온 50%온라인쇼핑몰 5% 네이버페이포인트적립",네이버디지털콘텐츠/네이버플러스멤버십50% 네이버페이 포인트 적립해외 1% 네이버페이 포인트 적립,네이버페이로 결제 시국내가맹점 1% 네이버페이 포인트적립,온라인쇼핑몰 5% 네이버페이포인트적립,커피전문점 5% 네이버페이 포인트적립,배달앱 5% 네이버페이 포인트 적립,,,
삼성 iD MOVE 카드,대중교통,대중교통·택시 10% 결제일할인,iD MOVE가 출퇴근길을 응원해요~,스트리밍·교통·이동통신 10%할인젊은 직장인에게 필요한 맞춤혜택을!,대중교통·택시 10% 결제일할인,이통통신 10% 결제일할인,스트리밍 10% 결제일할인,커피전문점 10% 결제일할인,편의점 10% 결제일할인,해외 1.5% 결제일할인,철도·항공 1.5% 결제일할인,온라인신규회원 연회비 100% 캐시백(삼성개인신용카드 신규발급 시 제공)
KB국민 톡톡 my point 카드,연회비지원,온라인신규신청 연회비 100% 캐시백,언제 어디서나 최대 5.5% 적립!,실적 필요없이 최대 5.5%적립연간리워드 1만2천 포인트리 적립,온라인신규신청 연회비 100% 캐시백홈페이지 내 신용카드 최초 발급 시,"전월실적, 적립한도 없이 0.5%적립",KB Pay 5% 적립,연간리워드 포인트리 1만2천점 적립,카페 최대 5.5% 포인트리 적립베이커리 최대 5.5% 포인트리 적립전월 이용실적 없음,외식업종 최대 5.5% 포인트리 적립전월 이용실적 없음,"이동통신요금 0.5% 포인트리 적립전월 이용실적, 적립한도 없음","대중교통 0.5% 포인트리 적립전월 이용실적, 적립한도 없음"
KB국민 FINETECH카드(마일리지 대한항공),연회비지원,온라인신규신청 연회비 100% 캐시백,마일리지 적립하고 해외여행가자!,대한항공 마일리지 최대 3마일 적립지금부터 준비해서 해외여행 저렴하게!,온라인신규신청 연회비 100% 캐시백홈페이지 내 신용카드 최초 발급 시,대한항공 마일리지 최대 3마일 적립!,티켓링크·벅스뮤직 최대 3마일 적립국내  문화가맹점 1.2마일적립공연·전시 등,스타벅스APP사이렌오더 최대3마일적립카페/베이커리 국내가맹점1.2마일적립,CGV 예매시 최대 3마일 적립영화 국내 가맹점 1.2마일 적립,"통신요금 1,500원당 1.2마일적립SKT, KT, LG U+자동납부금액",쇼핑업종 1.2마일적립,"외식업종 1,500원당 1.2마일적립아웃백, 빕스, 맥도날드, 버거킹 등"
삼성 iD ALL 카드,쇼핑,백화점·할인점·슈퍼마켓 중,신경쓰지 않아도 알아서 할인!,국내외 가맹점 실적한도 없이 할인많이 쓰는 영역은 5% 자동 할인!,백화점·할인점·슈퍼마켓 중많이 쓰는 영역 5% 자동맞춤 할인,백화점·할인점·슈퍼마켓 중많이 쓰는 영역 5% 자동맞춤 할인,주유 2.5% 결제일할인,이동통신 2.5% 결제일할인,아파트 관리비 2.5% 결제일할인,국내외 가맹점 0.5% 결제일할인,온라인신규회원 연회비 100% 캐시백(삼성개인신용카드 신규발급 시 제공),
LOCA CLASSIC (로카 클래식),연회비지원,롯데카드 온라인신청 특별 혜택,신규 발급 100% 연회비 캐시백!,"국내외 가맹점 최대 1% 할인전월실적, 한도 없이 0.5% 할인",롯데카드 온라인신청 특별 혜택신규회원 연회비 100% 캐시백이벤트,쇼핑 관련 가맹점최대 1% 결제일 할인,카페/베이커리 가맹점최대 1% 결제일 할인,외식업종 가맹점최대 1% 결제일 할인,레저 관련 가맹점최대 1% 결제일 할인,문화 관련 가맹점최대 1% 결제일 할인,편의점 가맹점최대 1% 결제일 할인,대형마트 가맹점최대 1% 결제일 할인
KB국민 톡톡O 카드,연회비지원,온라인신규신청 연회비 100% 캐시백,"넷플릭스, 왓챠 등 100% 청구할인",넷플릭스 등 OTT플랫폼 100%할인온라인 간편결제 10% 할인,온라인신규신청 연회비 100% 캐시백홈페이지 내 신용카드 최초 발급 시,넷플릭스 등 OTT플랫폼 100%할인,온라인 간편결제 10%할인,편의점 업종 5% 할인,버스 ·지하철 5% 할인,,,
삼성 iD VITA 카드,의료,"병원, 의원, 약국 20% 결제일할인","의료보험,뷰티등 연최대 66만원할인","병/의원, 약국 20% 할인생명보험, 손해보험 10% 할인","병원, 의원, 약국 20% 결제일할인",보험 10% 결제일할인,할인점 10% 결제일할인,렌탈 10% 결제일할인,이동통신 10% 결제일할인,온라인쇼핑몰멤버십 10% 결제일할인[뷰티] 헬스/뷰티 20% 결제일할인,해외 1% 결제일할인,온라인신규회원 연회비 100% 캐시백(삼성개인신용카드 신규발급 시 제공)
LOCA LIKIT Eat,연회비지원,롯데카드 온라인신청 특별 혜택,신규 발급 100% 연회비 캐시백!,음식점·배달앱·커피 60% 할인60% 할인 받으면서 먹자!,롯데카드 온라인신청 특별 혜택신규회원 연회비 100% 캐시백이벤트,LOCA LIKIT Eat으로음식점 가맹점 60% 할인배달앱도 60% 할인,LOCA LIKIT Eat으로쇼핑 멤버십 60% 결제일 할인,LOCA LIKIT Eat으로커피 60% 결제일 할인,,,,
카드의정석SHOPPING,연회비지원,온라인 신규 연회비 100% 캐시백,"국내 1만원, 해외 1만2천원신규 회원 최대 1만2천원 지급",,온라인 신규 연회비 100% 캐시백,온라인 쇼핑 10% 청구할인오프라인 쇼핑 10% 청구할인,온라인업종4대PAY결제시 5%추가할인,4대주유소주말주유시리터당60원청구할인,"스타벅스,폴바셋 10% 청구할인",,,
taptap SHOPPING,쇼핑,온라인 쇼핑 5% 할인,온라인 쇼핑도 오프라인 쇼핑도 할인!,"온·오프라인쇼핑 연 최대 48만원할인스트리밍 3천원, 해외 1.5% 할인",온라인 쇼핑 5% 할인오프라인 쇼핑 5% 할인해외 1.5% 할인,"넷플릭스·멜론·왓챠 등스트리밍 3,000원 할인",,,,,,
롯데 국민행복카드,국민행복카드,임신·출산·육아 등 국가바우처 서비스,국가바우처와 롯데카드만의 혜택 결합!,"정부지원금100만원&보육료·병원 할인택시, 버스, 지하철 10% 할인!",임신·출산·육아 등 국가바우처 서비스임신·출산 진료비 100만원 지원청소년산모 임신·출산 의료비 지원보육료·유아학비 지원(아이행복카드)산모·신생아 건강관리 지원사업아이돌봄 지원사업,롯데 국민행복카드로롯데월드 50% 현장할인서울랜드 30% 현장할인,롯데 국민행복카드로택시·시내버스·지하철 10% 청구할인,"롯데 국민행복카드로키자니아 30% 청구할인유원지, 놀이시설 10% 청구할인출산육아 특별 서비스","롯데 국민행복카드로보육료·유아학비 10% 청구할인학원, 학습지 10% 청구할인",롯데 국민행복카드로병원·약국·산후조리원 5% 청구할인,"롯데 국민행복카드로쇼핑 5% 청구할인토이저러스 청구할인, 무이자할부 혜택롯데백화점 현장할인 혜택롯데면세점 현장할인 혜택롯데ON 현장할인 혜택",롯데 국민행복카드로롯데마트 5% 청구할인 & 무이자할부롯데슈퍼 3% 청구할인 & 무이자할부롯데마트 우리아이M클럽 서비스
카드의정석 WOWRI,연회비지원,온라인 신규 연회비 100% 캐시백,대상업종에 따라 최대 5% 적립!,"모아포인트 0.8% 한도없이 적립!간편결제 이용 시, 3% 추가적립!",온라인 신규 연회비 100% 캐시백,대중교통 업종 모아포인트 5% 적립,전기차 충전 업종 모아포인트 5%적립주유업종 모아포인트 1% 적립,이동통신 업종 모아포인트 5% 적립,주요 간편결제 모아포인트 3%추가적립,커피전문점 모아포인트 3% 적립,영화 업종 모아포인트 3% 적립,백화점 업종 모아포인트 1% 적립할인점 업종 모아포인트 1% 적립온라인쇼핑 업종 모아포인트 1% 적립해외 가맹점 업종 모아포인트 1%적립
카드의정석 UNTACT,연회비지원,온라인 신규 연회비 100% 캐시백,"국내 1만2천원, 해외 1만2천원신규 회원 최대 1만2천원 지급",,온라인 신규 연회비 100% 캐시백,쿠팡 로켓와우 멤버십 청구할인게임 정기결제 10% 청구할인해외 가맹점 1% 청구할인멤버십 정기결제 20% 청구할인,온라인업종 간편결제 1천원 청구할인,이동통신요금 정기결제 10% 청구할인,도시가스요금 정기결제 10% 청구할인전기요금 정기결제 10% 청구할인,4대 보험료 정기결제 10% 청구할인,학습지 정기결제 10% 청구할인,렌탈 정기결제 10% 청구할인
LOCA LIKIT Shop,연회비지원,롯데카드 온라인신청 특별 혜택,신규 발급 100% 연회비 캐시백!,놓칠 수 없는 온라인쇼핑 60% 할인쇼핑 멤버십도 60% 할인!,롯데카드 온라인신청 특별 혜택신규회원 연회비 100% 캐시백이벤트,LOCA LIKIT Shop으로미용실 60% 결제일 할인,LOCA LIKIT Shop으로편의점 60% 결제일 할인,LOCA LIKIT Shop으로온라인 쇼핑•쇼핑 멤버십 60% 할인,,,,
KB국민 알뜰교통플러스카드,대중교통,"버스, 지하철 10%청구할인",교통비 절약하고 생활 할인도 받고!,"대중교통 10%, 통신비 5% 할인!생활서비스 KB Pay 5% 추가할인","버스, 지하철 10%청구할인",이동통신요금 자동납부시 5% 청구할인,"카페 최대 10% 청구할인KB Pay 이용시,","약국 최대 10% 청구할인KB Pay 이용시,","편의점 최대 10% 청구할인KB Pay 이용시,","CGV, 롯데시네마 최대 10% 할인KB Pay 이용시,","패스트푸드점 최대 10% 청구할인KB Pay 이용시,",KB Pay 5% 추가할인
샤롯데 플래티넘 스타 카드,연회비지원,롯데카드 온라인신청 특별 혜택,신규 발급 100% 연회비 캐시백!,매년 5만원 상당 스페셜기프트 제공!쇼핑 최대 3개월 무이자 할부 서비스,롯데카드 온라인신청 특별 혜택신규회원 연회비 100% 캐시백이벤트,샤롯데 플래티넘 스타카드 회원을 위해5만원 상당의 바우처 선물을 매년!,"엔제리너스 둘이 가면 1명은 무료!커피 전문점 5% 청구할인나뚜루,엔제리너스 1천원당 50원할인","롯데시네마 둘이 가면 1명은 무료!롯데시네마 1,500원 현장할인","상품권, 엘포인트 교환되는 포인트적립쇼핑업종 2~3개월 무이자 할부 혜택쇼핑 추가 혜택까지!",전국 주유소 스타포인트 적립!리터당 50 포인트 적립,"T.G.I.FRiDAY'S 10%할인미스터피자 15% 현장할인롯데리아 1,000원당 50원 할인",박준 뷰티랩 20% 현장할인박승철 헤어스투디오 15% 현장할인
BLISS.7카드,항공마일리지,대한항공 마일리지(택1),"국내 19만원, 해외 20만원",,대한항공 마일리지(택1)TOP포인트 적립(택1),Premium 서비스,Voucher 서비스,Priority Pass Card,,,,
알뜰교통플러스 삼성카드,대중교통,대중교통 10% 결제일 할인,출퇴근 필수 대중교통 할인 카드,"대중교통 10%, 커피 15%할인이동통신, 디지털콘텐츠 5% 할인까지",대중교통 10% 결제일 할인,디지털콘텐츠 정기결제시 5%결제일할인,이동통신 정기결제 시 5% 결제일할인,커피전문점 15% 결제일할인,해외 1% 결제일 할인,"항공, 철도 1% 결제일할인",온라인신규회원 연회비 100% 캐시백(삼성개인신용카드 신규발급 시 제공),
NU Nature,연회비지원,온라인 신규 연회비 100% 캐시백,친환경 생활 카드의 탄생,연 최대 54만원 적립전기차 충전 60% 적립!,온라인 신규 연회비 100% 캐시백,전기차 충전 60% 적립,대중교통 (버스/지하철) 10% 적립공유 모빌리티 10% 적립,스트리밍 10% 적립전자책 10% 적립 ,커피 10%적립,주요 간편결제 1.6% 적립 ,,
KB국민 톡톡D 카드,연회비지원,온라인신규신청 연회비 100% 캐시백,배달의민족 등 배달앱 최대60%할인,배달의민족 등 배달앱 최대 60% 온라인 간편결제 10% 할인,온라인신규신청 연회비 100% 캐시백홈페이지 내 신용카드 최초 발급 시,배달의민족 등 배달앱 최대 60%할인,마켓컬리 최대 60%할인,온라인 간편결제 10%할인,편의점 업종 5% 할인,버스 ·지하철 5% 할인,,
KB국민 가온올림카드(실속형),연회비지원,온라인신규신청 연회비 100% 캐시백,언제 어디서든 쉬운 포인트 적립!,무실적 전가맹 0.7% 기본적립+주말0.5%+외식·교통·통신0.5%,온라인신규신청 연회비 100% 캐시백홈페이지 내 신용카드 최초 발급 시,기본+추가 최대 1.7% 포인트리적립해외이용금액 1.7%할인 캐시백,"최대 1.7% 포인트리 적립대중교통 (버스, 지하철), 택시","최대 1.7% 포인트리 적립일반음식점,레스토랑,뷔페 등 외식업종","최대 1.7% 포인트리 적립스타벅스, 커피빈 등 커피전문점",전월실적·적립한도없이 0.7% 적립국내 모든 가맹점 이용금액,"롯데월드, 에버랜드 50% 현장할인캐리비안베이 30% 현장할인","1매당 3,500원 청구할인인터파크에서 영화 예매 시"
KB국민 Easy all 티타늄카드,연회비지원,온라인신규신청 연회비 100% 캐시백,365일 24시간 언제나 간편신청!,많이 쓴 영역 알아서 자동 캐시백!또는 20개 영역 중 맞춤 DIY할인,온라인신규신청 연회비 100% 캐시백홈페이지 내 신용카드 최초 발급 시,넷플릭스·멜론 등 정기결제 10%할인,커피 업종 이용 시 10% 할인제과/아이스크림 업종 10% 할인,해외 직구·면세점 업종까지 모두할인온라인쇼핑·소셜커머스·백화점 및 ,패스트푸드·배달앱 이용시 10% 할인레스토랑·뷔페 등 음식업종 3% 할인,SK·GS주유소 및 충전소 5% 할인,SKT·KT·LGU+·리브M이동통신 업종 5% 할인,스포츠 업종 이용시 7% 할인스포츠/레저용품·요가·필라테스 등
DA@카드의 정석,연회비지원,온라인 신규 연회비 100% 캐시백,"국내 5천원, 해외 1만원신규 회원 최대 1만원 지급",,온라인 신규 연회비 100% 캐시백,"국내가맹점 0.8%~1.3% 청구할인해외결제도 0.8%~1.3% 청구할인전월실적, 횟수 제한없이 언제나할인","면세점, 해외이용금액 1.3%청구할인전월실적, 횟수 제한없이 언제나할인","항공사 1.3% 청구할인전월실적, 횟수 제한없이 언제나할인",국내 공항 라운지 무료이용 서비스,"제과점 1.3% 청구할인전월실적, 횟수 제한없이 언제나할인","편의점 1.3% 청구할인전월실적, 횟수 제한없이 언제나할인","수퍼마켓 1.3% 청구할인전월실적, 횟수 제한없이 언제나할인"
HERITAGE Smart [대한항공 마일리지형],항공마일리지,국내가맹점 2천원당 최대 3마일적립,KB Pay 2천원당 3마일적립,대한항공 및 저가항공사 15만원할인!국내외공항 라운지 무료 이용 PP카드,"국내가맹점 2천원당 최대 3마일적립KB Pay 이용 시,해외 가맹점 1천원당 2마일 적립","3가지 쿠폰서비스 제공(연1회,택1)특급호텔 15만원 할인쿠폰 제공대한항공 및 저가항공사 15만원할인공연/전시 15만원 할인쿠폰 제공","KB국민은행 수수료 감면, 면제서비스문자알림(SMS) 서비스 무료제공","국내외 공항라운지 무료이용 서비스인천공항 및 호텔 발레파킹 서비스국내 특급호텔 F&B, 스파할인국내외 특급호텔 및 리조트 객실 할인","쇼핑 2천원당 최대 3마일 적립KB Pay 이용 시,랭킹닭컴 배송완료시 포인트 6배 적립유어버스데이 꽃배달 20% 할인서비스","문화생활 2천원당 최대 3마일 적립KB Pay 이용 시,내셔널지오그래픽 트래블러 정기구독할인",이동통신요금 1천원당 1마일리지 적립전월 이용실적 조건 및 적립한도 없음,"편의점 2천원당 최대 3마일 적립KB Pay 이용 시,"
카드의정석 NEW우리V카드,대형마트,전국 대형마트 5%청구할인,"국내 2천원, 해외 5천원",,전국 대형마트 5%청구할인,전국 백화점 5% 청구할인,전국 주유소 5% 청구할인,전국 병의원 5% 청구할인,전국 모든 학원 5%청구할인,패밀리레스토랑 할인,커피 20% 청구할인,통신비 자동이체 3%청구할인
BC 바로 알뜰교통 플러스 카드,연회비지원,신규발급시 연회비 100% 청구할인,대중교통 및 OTT 15% 할인!,"대중교통, OTT 결제일 15% 할인카페, 통신, 편의점 등 5% 할인",신규발급시 연회비 100% 청구할인,"버스/지하철 15% 결제일 할인매월 최대 15,000원",편의점 5% 결제일 할인,매월 자동 결제 되는OTT/스트리밍 15% 결제일 할인,카페 5% 결제일 할인,이동통신요금 5% 결제일 할인,해외 가맹점 3% 결제일 할인,
KB국민 BeV V카드(스카이패스형),항공마일리지,스카이패스 최대 3마일 적립,365일 24시간 언제나 발급,스카이패스 1500원당 최대3마일적립전세계 공항라운지 동반 1인 무료,"스카이패스 최대 3마일 적립일시불/할부이용금액 1,500원당",전세계 공항 라운지 동반1인 무료이용롯데호텔 객실 20~30% 할인 롯데호텔 F&B(식음료) 10% 할인인천공항 발레파킹 서비스국내 특급 호텔 무료 발레파킹 서비스,"호텔, 뷔페, 백화점상품권, 포인트리프리미엄 쿠폰 서비스(택1)호텔 무료 숙박 제공서비스호텔 뷔페 이용권 25만원 제공서비스롯데백화점 상품권 22만원 제공서비스KB국민카드 포인트리 22만점 제공",롯데백화점 문화센터 30% 현장할인도서 요약본 프리미엄 서비스,"KB국민은행 수수료 감면, 면제서비스카드이용 문자알림 서비스 무료 제공",해외여행상품 최대 5% 현장할인 한국렌트카 이용요금 현장할인골프 88컨트리클럽 파3 연습장 할인,,
기업은행 BLISS.5 카드,프리미엄,premium 서비스,"국내 9만5천원, 해외 10만원",,premium 서비스,"외식, 쇼핑, 포인트 등 바우처(Voucher) 서비스",대한항공 마일리지(택1)BC카드 TOP포인트(택1)Priority Pass Card,Priority Pass Card,,,,
알뜰교통 우리카드,대중교통,"버스, 지하철 10% 청구할인","국내 1만3천원, 해외 1만5천원",,"버스, 지하철 10% 청구할인",공과금 자동납부 10% 청구할인,렌탈비 자동납부 10% 청구할인,학습지 자동납부 10% 청구할인,보험료 자동납부 10% 청구할인,대형할인점업종 최대 2천원 청구할인,스타벅스 10% 청구할인,통신비 자동납부 10% 청구할인
D4@카드의 정석,연회비지원,온라인 신규 연회비 100% 캐시백,"국내 9천원, 해외 1만원신규 회원 최대 1만원 지급",,온라인 신규 연회비 100% 캐시백,대중교통 33% 청구할인,커피 4대 브랜드통합 55% 청구할인,영화관 청구할인,편의점 11% 청구할인 ,,,
우리 국민행복카드 S2,국민행복카드,임신·출산·보육료 등 국가바우처 지원,"국내전용 없음, 해외겸용 없음",,임신·출산·보육료 등 국가바우처 지원건강보험 임신/출산 진료비 지원청소년산모 임신·출산 의료비 지원보육료·유아학비 지원아이돌봄 지원사업사회서비스사업 8종 지원기저귀·조제분유 지원여성청소년 위생용품 바우처 지원에너지 바우처 지원,"병·의원,산후조리원,약국 7%청구할인",온라인 쇼핑 이용금액 5% 청구할인백화점 이용금액 5% 청구할인해외가맹점 이용금액 1~2% 청구할인,대형할인점 이용금액 5% 청구할인,이동통신요금 5% 청구할인,"도시가스요금, 전기요금 5% 청구할인",렌탈 이용금액 5% 청구할인,영상 스트리밍 20% 청구할인음원 스트리밍 20% 청구할인전자도서 20% 청구할인
기업은행 마일앤조이카드,항공마일리지,항공마일리지,"국내 3만원, 해외 3만원신규 회원 최대 3만원 지급",,항공마일리지,레저,"인천, 김포공항 발렛파킹 서비스 제공공항 라운지 무료 이용!인천공항 무료 교통 서비스인천공항 아메리카노 커피 무료제공","KTX, SRT 일반석 10% 할인",IBK카드온라인신규회원(최대3만원)연회비 캐시백 이 벤트,,,
기업은행 일상의 기쁨카드,카페/베이커리,"스타벅스, 커피빈, 할리스, 투썸 등",은행ATM 출금수수료 면제 월 10회,"쿠팡/티몬/위메프 20% 쇼핑할인!올리브영 10%, 마트 5% 할인까지","스타벅스, 커피빈, 할리스, 투썸 등주요 커피전문점 20% 할인!","쿠팡, 티몬, 위메프온라인쇼핑 20% 할인!","올리브영,GS25, CU, 세븐일레븐주요 편의점 10% 할인!","이마트, 홈플러스, 롯데마트대형마트 이용시 5% 할인!","버스, 지하철 등의 대중교통 이용시교통비용 건당 200원 할인!",LPG 포함 전 주유소 주유 비용 리터당 60원 할인!,레저전국 주요 놀이공원 50% 할인!,금융우대서비스 제공!환전 시 환율 70% 우대!
IBK 무직타이거 카드,쇼핑,"쿠팡, 티몬, 위메프 20% 할인",편의점 월 2회 10% 할인,카드 초년생의 현명한 카드 라이프!생활 속 필수 혜택 카드 한장으로!,"쿠팡, 티몬, 위메프 20% 할인",주요 커피전문점 20% 할인,"이마트,홈플러스,롯데마트 5% 할인","GS25, CU, 세븐일레븐 10% ",전  주유소 리터당 60원 할인,"버스, 지하철 이용건당 200원 할인","CGV, 롯데시네마, 메가박스 할인",레저
기업은행 Oil & Life카드 (Oil),주유,GS칼텍스 주유서비스,"국내 5천원, 해외 7천원신규 회원 최대 7천원 지급",,GS칼텍스 주유서비스리터당 120원 할인!,"롯데월드, 에버랜드, 서울랜드 등 전국 놀이공원 할인","SKT, KT, LGT 통신 3사휴대폰 이용금액 3% 할인",autoOasis정비 최대 2만원할인,Prime 서비스알뜰쿠폰365쿠폰Life Prime 서비스 이용방법Oil PrimeOil Prime 서비스 이용방법,IBK카드 온라인신규회원 IBK신용카드 연회비 캐시백,"CGV, 롯데시네마 영화2,000원 현장할인제공!",
코웨이 IBK카드,렌탈,코웨이 렌탈료 자동이체 결제 시,"국내 1만2천원, 해외 1만5천원",,"코웨이 렌탈료 자동이체 결제 시월 최대 23,000원 할인",,,,,,,
DailyWith (데일리위드)카드,포인트/캐시백,6대 생활영역 1% 기본캐시백,"국내 1만원, 해외 1만2천원신규 회원 최대 1만2천원 지급",,6대 생활영역 1% 기본캐시백이용금액 많은 영역 1% 추가캐시백,이마트/홈플러스/롯데마트 1% 캐시백,전국 음식점주점/커피전문점 1% 캐시백,쿠팡/11번가/G마켓/위메프온라인쇼핑 1% 캐시백,종합병원/병의원/한의원/치과병원비 1% 캐시백,"버스, 지하철 1% 캐시백",전 주유소 1% 캐시백,GS25/CU/세븐일레븐 1% 캐시백
신한카드 Deep Dream,연회비지원,신규 고객 연회비 100% 캐시백!,"국내 8천원, 해외 1만원신규 회원 최대 1만원 지급",,신규 고객 연회비 100% 캐시백!신규 회원이면 누구나 참여 가능!,전월실적·적립한도 없이 0.7% 적립DREAM영역반겨드림 5천 포인트 적립,전월실적·적립한도 없이 0.7% 적립,"영화관 이용금액 0.7% 포인트 적립자주가면 3배, 많이쓰면 5배 적립!","편의점 이용금액 0.7% 포인트 적립자주가면 3배, 많이쓰면 5배 적립!",이동통신요금 0.7% 포인트 적립가장 많이 이용한 영역은 5배 적립!,"주말, 전 주유소 리터당 80원 적립전월실적·적립한도 없이 0.7% 적립","쇼핑 이용금액 0.7% 포인트 적립자주가면 3배, 많이쓰면 5배 적립!"
신한카드 Deep Oil,연회비지원,신규 고객 연회비 100% 캐시백!,원하는 주유소 10%할인!,연간 최대 36만원 주유비 할인!전국주차장 10%，생활영역 5% 할인,신규 고객 연회비 100% 캐시백!신규 회원이면 누구나 참여 가능!,주유서비스 10% 결제일 할인,전국 모든 주차장 10% 할인스피드메이트 10% 할인,"스타벅스, 이디야 5% 할인",택시 이용금액 5% 할인,"롯데시네마 영화예매 5,000원 할인","GS25, CU  5% 할인",
KB국민 와이즈홈카드,관리비,아파트관리비 자동납부시10% 청구할인,"국내 5천원, 해외 1만원",,아파트관리비 자동납부시10% 청구할인,휴대폰요금 자동납부시 10% 청구할인,학원 업종 5% 청구할인,"버스, 지하철 5% 청구할인",전국 주요 대형할인마트 5% 청구할인,,,
카드의정석 UNTACT AIR,연회비지원,온라인 신규 연회비 100% 캐시백,"국내 1만5천원, 해외 1만5천원신규 회원 최대 1만5천원 지급",,온라인 신규 연회비 100% 캐시백,이동통신요금 정기결제 10% 청구할인,도시가스요금 정기결제 10% 청구할인전기요금 정기결제 10% 청구할인,4대 보험료 정기결제 10% 청구할인,학습지 정기결제 10% 청구할인,렌탈 정기결제 10% 청구할인,문화 정기결제 20% 청구할인,3대 배달어플 모아포인트 30% 적립
zgm.play카드,쇼핑,인앱결제 10% 청구할인,"국내 1만2천원, 해외 1만2천원",,"인앱결제 10% 청구할인올리브영 5% 청구할인쿠팡, 티몬 5% 청구할인",PC게임 충전 결제 10% 청구할인PC게임방 10% 청구할인온라인서점 5% 청구할인오프라인서점 5% 청구할인,이동통신요금 10% 청구할인,피트니스업종 10% 청구할인놀이공원 현장할인,교통 10% 청구할인,"CGV,롯데시네마,메가박스 청구할인","스타벅스,투썸플레이스,커피빈 청구할인",패스트푸드업종 20% 청구할인
zgm.휴가중카드,포인트/캐시백,기본적립 : 2% NH포인트 적립,"국내 2만5천원, 해외 2만5천원",,"기본적립 : 2% NH포인트 적립추가적립 : 1~3% NH포인트 적립국내 이용액 0.5% 포인트 기본적립항공권,면세점 업종 0.5% 추가적립",호텔스닷컴 이용 시 20% 즉시할인,전세계 공항라운지 무료이용(더라운지),여행자보험 무료 가입,,,,
신한카드 Simple+,연회비지원,신규 고객 연회비 100% 캐시백!,전 가맹점 0.7% 캐시백!,"전월실적 상관없이 0.7% 캐시백!월 10회, 1천원 미만 잔돈 할인!",신규 고객 연회비 100% 캐시백!신규 회원이면 누구나 참여 가능!,1천원 미만 잔돈(Coin)은 할인!이동통신요금 자동이체시 추가 0.7%,커피전문점 이용금액 0.7% 캐시백2만원~10만원 결제금액 잔돈 할인!,주요 편의점 이용금액 0.7% 캐시백2만원~10만원 결제금액 잔돈 할인!,대형마트 이용금액 0.7% 캐시백!2만원~10만원 결제금액 잔돈 할인!,이동통신요금 0.7% 캐시백 제공SKT·KT·LG자동이체시 총1.4%,전월실적 상관없이 0.7% 캐시백!2만원~10만원 결제금액 잔돈 할인!,전월실적 상관없이 0.7% 캐시백!2만원~10만원 결제금액 잔돈 할인!
IBK DC히어로즈 카드,포인트/캐시백,6대 생활영역 1% 기본캐시백,"국내 1만원, 해외 1만2천원, 가족겸용 없음신규 회원 최대 1만2천원 지급",,6대 생활영역 1% 기본캐시백이용금액 많은 영역 1% 추가캐시백,전국 음식점주점/커피전문점 1% 캐시백,쿠팡/11번가/G마켓/위메프온라인쇼핑 1% 캐시백,이마트/홈플러스/롯데마트 1% 캐시백,GS25/CU/세븐일레븐 1% 캐시백,SKT/KT/LGU+/LG헬로비전이동통신 요금 자동이체 1% 캐시백,종합병원/병의원/한의원/치과병원비 1% 캐시백,"버스, 지하철 1% 캐시백"
NU Uniq Point,연회비지원,온라인 신규 연회비 100% 캐시백,국내 가맹점 어디서나 적립받자 !,적립 한도 없이 국내 가맹점 0.5%S.T.Y.L.E 가맹점 2% 적립!,온라인 신규 연회비 100% 캐시백, 국내 가맹점 0.5% 제한없이 적립,주유 및 충전 시 리터당 60점 적립,"쿠팡,G마켓,11번가,해외 2% 적립","대중교통, 택시 2.0% 적립",카페 프랜차이즈 2.0% 적립,온라인 외식 2.0% 적립,전기차 충전 2% 적립
NH농협 올바른FLEX 카드,카페/베이커리,스타벅스 50% 청구할인,"국내 1만원, 해외 1만2천원",,스타벅스 50% 청구할인,스트리밍 서비스 20% 청구할인,"배민, 요기요 10% 청구할인",온라인쇼핑 5% 청구할인,"지하철, 버스 7% 청구할인",SKT/KT/LGU+ 7% 청구할인,"CGV, 롯데시네마 30% 청구할인","CU, GS25 5% 청구할인"
신한카드 Deep Dream(모베러웍스),연회비지원,신규 고객 연회비 100% 캐시백!,해외 1만원신규 회원 최대 1만원 지급,,신규 고객 연회비 100% 캐시백!신규 회원이면 누구나 참여 가능!,전월실적·적립한도 없이 0.7% 적립DREAM영역반겨드림 5천 포인트 적립,전월실적·적립한도 없이 0.7% 적립,영화관 이용금액 0.7% 포인트 적립,편의점 이용금액 0.7% 포인트 적립,이동통신요금 0.7% 포인트 적립가장 많이 이용한 영역은 5배 적립!,"주말, 전 주유소 리터당 80원 적립전월실적·적립한도 없이 0.7% 적립",쇼핑 이용금액 0.7% 포인트 적립
zgm.play++카드,쇼핑,인앱결제 10% 청구할인,"국내 6만3천원, 해외 6만5천원, 가족 1만5천원",,"인앱결제 10% 청구할인올리브영 5% 청구할인쿠팡, 티몬 5% 청구할인",PC게임 충전 결제 10% 청구할인PC게임방 10% 청구할인온라인서점 5% 청구할인오프라인서점 5% 청구할인,이동통신요금 10% 청구할인,피트니스업종 10% 청구할인놀이공원 현장할인,교통 10% 청구할인,"CGV,롯데시네마,메가박스 청구할인","스타벅스,투썸플레이스,커피빈 청구할인",패스트푸드업종 20% 청구할인
KB국민 와이즈카드,포인트/캐시백,최대 5% 포인트리 적립,똑똑하게 쌓는 포인트리 적립 신용카드,많이 쓴 곳 알아서 최대 5%적립적립 포인트리 현금처럼 사용가능!,최대 5% 포인트리 적립기본+많이 쓴 곳 특별 포인트리 적립,최대 5% 포인트리 적립학원·서점·독서실 업종 ,최대 5% 포인트리 적립백화점·홈쇼핑·온라인쇼핑 등,최대 5% 포인트리 적립주유소·충전소 이용 시,최대 5% 포인트리 적립버스·지하철·택시 업종,최대 5% 포인트리 적립패밀리레스토랑·패스트푸드 업종,대형마트 최대 5% 포인트리 적립,카페 업종 최대 5% 포인트리 적립
신한 Hi-Point 카드,포인트/캐시백,주요 혜택모아 최대 5% 포인트 적립,월 최대 5만 포인트 적립!,주요 혜택모아 최대 5% 포인트 적립전 가맹점 어디서나 최대 2% 적립,주요 혜택모아 최대 5% 포인트 적립전 가맹점 이용금액 최대 2% 적립!,S-OIL 주유소 리터당 60원 적립현대오일뱅크 리터당 60원 적립주유시 포인트 전액 결제 가능,롯데마트·이마트·홈플 최대 5% 적립2~3개월 무이자 할부 서비스,이동통신요금 자동이체 최대 5% 적립,롯데·현대백화점 결제 최대 5% 적립CJ오쇼핑·CJmall 최대 5%적립포인트로 백화점/할인점 상품권 교환!2~3개월 무이자 할부 서비스쇼핑 30% 포인트 차감 할인 서비스,대형 놀이공원 최대 50% 할인!롯데월드/아쿠아리움 포인트 결제 가능,인터파크 영화 예매 할인,신한금융투자 0.2% 추가 적립마이신한포인트 펀드불입
현대카드M BOOST,연회비지원,신규회원 Welcome 이벤트,현대카드는 Apple Pay 이용가능,Apple Pay 설정가능온라인결제 5%M포인트 적립,신규회원 Welcome 이벤트,한도없는 포인트적립 업종별 실적별0.5%~4.5% M포인트 적립보너스 리워드 1만 M포인트 적립M포인트를 H-Coin으로 교환,"커피전문점, 베이커리0.5%~4.5% M포인트적립",영화 0.5%~4.5% M포인트적립,M포인트 항공마일리지 전환,온라인 간편결제 서비스 5% 적립,하이패스 이용금액 M포인트 적립,주유 특별적립
카드의정석 MILEAGE SKYPASS,항공마일리지,이용금액 1천원 당 최대 2 마일리지,"국내 3만9천원, 해외 3만9천원",,이용금액 1천원 당 최대 2 마일리지,전세계 공항라운지 무료 이용,Two-in-one 결제서비스,,,,,
무민 카드(신용),카페/베이커리,주요 커피전문점 20% 할인!,"국내 1만원, 해외 1만2천원, 가족겸용 없음신규 회원 최대 1만2천원 지급",,주요 커피전문점 20% 할인!,온라인쇼핑 20% 할인!,대형마트 이용시 5% 할인!,교통비용 건당 200원 할인!,주유 비용 리터당 60원 할인!,레저,"GS25,CU,세븐일레븐 10% 할인",금융우대서비스 제공!
신한카드 플리(산리오캐릭터즈),언제나할인,국내 이용금액 최대 0.9% 할인,"국내 1만5천원, 해외 1만8천원",,국내 이용금액 최대 0.9% 할인해외 이용금액 0.5% 결제일 할인,마이신한포인트 월 최대 3천P 적립매월 6천원 할인 쿠폰 제공 서비스,,,,,,
zgm.the pay카드,언제나할인,국내외 전 가맹점 1.0% 청구할인,"국내 1만2천원, 해외 1만2천원",,국내외 전 가맹점 1.0% 청구할인,온라인 간편결제 최대 1.7%청구할인,,,,,,
the Green Edition2,연회비지원,연회비 100% 상당의 혜택 제공,Apple Pay 설정 가능 카드,"여행,고메,해외 5% M포인트 적립웰컴이벤트 혜택",연회비 100% 상당의 혜택 제공,the Green 전용 M포인트,국내외 가맹점 1~2% M포인트 적립영역별 5% M포인트 적립M포인트 사용※유의사항,보너스 리워드 제공메탈 소재 카드 플레이트 제공무료 발레파킹 서비스 제공,　,,,
신한카드 경차사랑 Life,경차유류환급,경차 유류세 리터당 250원 자동환급,연간 최대 30만원 유류세 환급!,"경차유류세 리터당 250원 자동환급!커피, 편의점 10%, 마트 5%할인",경차 유류세 리터당 250원 자동환급모든 주유소·충전소 80원/ℓ 할인!,모든 주유소 리터당 80원 할인!,편의점 업종 10% 할인,커피전문점 10% 할인,이마트·롯데마트·홈플러스 주말5%할인,한화손해보험 다이렉트 자동차보험 할인,병원/약국 10% 할인,
the Pink,연회비지원,the Pink Welcome 혜택,Apple Pay 설정 가능 카드,"프리미엄쇼핑, 고메 5% M포인트적립웰컴이벤트 혜택",the Pink Welcome 혜택7만M포인트적립 or 연회비7만원감면,국내외 가맹점 1~2% M포인트 적립영역별 5% M포인트 적립M포인트 사용,the Pink 전용 M포인트,메탈 소재 카드 플레이트 제공인천국제공항 라운지 무료 이용서비스무료 발레파킹서비스 제공,GS칼텍스 리터당 60 M포인트 적립,,,
K-22(Point),포인트/캐시백,TOP포인트 적립,"국내 21만9천원, 해외 22만원, 가족겸용 없음",,TOP포인트 적립,Voucher 서비스,Premium 서비스,주요 커피전문점 20% 할인!공항 커피 무료 제공,백화점·대형마트 10% 할인,KTX·SRT 10% 할인,,
K-22(Mileage),항공마일리지,대한항공 마일리지,"국내 21만9천원, 해외 22만원, 가족겸용 없음",,대한항공 마일리지,Voucher 서비스,Premium 서비스,주요 커피전문점 20% 할인!공항 커피 무료 제공,백화점·대형마트 10% 할인,KTX·SRT 10% 할인,,
현대카드X2 BOOST,간편결제,온라인 간편결제 5% 할인,현대카드는 Apple Pay 이용가능,Apple Pay 간편결제 5% 할인언제나 1%~1.5% 실적별 할인,온라인 간편결제 5% 할인,모든가맹점 실적별 1%~1.5%할인,"현대카드 플래티넘 서비스커피전문점 건당 1,000원 청구할인",현대카드 플래티넘 서비스주말 무료주차,,,,
zgm.고향으로카드,포인트/캐시백,기본 서비스 : 국내·외 0.7%적립,"국내 1만2천원, 해외 1만2천원",,기본 서비스 : 국내·외 0.7%적립우대 서비스 : 기부지역 1.7%적립,,,,,,,
현대카드Z work,편의점,편의점 이용금액의 10% 청구 할인,현대카드는 Apple Pay 이용가능,온라인Apple Pay 10%청구할인카페 50% 청구할인,편의점 이용금액의 10% 청구 할인,대중교통 이용금액의 10%청구 할인,커피전문점 이용금액의 50% 청구할인,이동통신요금 정기결제 시 7%청구할인,온라인 간편결제 서비스이용금액의 10% 청구할인,,,
현대카드ZERO Edition2(할인형),대형마트,대형 할인점 1.5% 청구할인,현대카드는 Apple Pay 이용가능,Apple Pay 간편결제국내외가맹점 0.7%할인,대형 할인점 1.5% 청구할인,편의점 1.5% 청구할인,대중교통 1.5%청구할인,커피 전문점 1.5% 청구할인,국내외 가맹점 청구할인,온라인 간편결제 서비스1.5%청구할인,,
KB국민 WE:SH All 카드,연회비지원,온라인신규신청 연회비 100% 캐시백,"실적,한도 없이 국내가맹점 1%할인!",쇼핑 필수카드! 쇼핑멤버십 50%할인실적/횟수제한없이 국내가맹점 1%할인,온라인신규신청 연회비 100% 캐시백홈페이지 내 신용카드 최초 발급 시,"국내가맹점 실적, 한도 없이 1%할인 해외가맹점 실적 없이 2% 할인",로켓와우멤버십 등 자동납부 50%할인,"넷플릭스,티빙 등 자동납부 10%할인","SKT,KT 등 자동납부요금 5%할인","전월실적, 한도없이 카페 1%할인전월실적, 한도없이 베이커리 1%할인","전월실적, 한도없이 편의점 1%할인","전월실적, 한도없이 대형마트 1%할인"
KB국민 마일리지 가온카드(대한항공),항공마일리지,국내이용(모든가맹점) 1마일 적립,"국내 1만5천원, 해외 2만원",,국내이용(모든가맹점) 1마일 적립,해외이용(직구/온라인) 2마일 적립국내이용(모든가맹점) 1마일 적립,,,,,,
KB국민행복카드,국민행복카드,임신·출산·보육료 등 국가바우처 지원,임신중독증 등 단체보험 무료가입,임신중독증 등 단체보험 무료가입쇼핑·교육 가맹점 5% 청구할인,임신·출산·보육료 등 국가바우처 지원,"KB손해보험 단체보험 무료가입임신중독증, 태반조기박리 등",홈쇼핑 · 온라인쇼핑몰 5%할인," 이마트, 롯데마트등 대형마트5%할인",문화센터·학습지 5%청구할인,키즈카페 5%청구할인,아파트 관리비 자동납부시 5%청구할인,"SKT, KT, LGU+ 5%할인"
쇼핑앤조이 카드,대중교통,후불교통 및 택시비 청구할인!,"국내 1만원, 해외 1만원신규 회원 최대 1만원 지급",,"후불교통 및 택시비 청구할인!버스, 지하철, 택시 5% 할인","이동통신요금 자동이체 5% 청구할인통신3사 SKT, KT, LGU+","국내 온라인 쇼핑 5,000원 할인!해외 온·오프라인 쇼핑 5% 할인!","모바일 간편결제 이용시 청구 할인!네이버페이, 카카오페이, 페이코","스타벅스 2,000원 할인 사이렌 오더를 통한 주문 및 결제",당행 이체수수료/타행 출금수수료 면제환전 시 환율 70% 우대!,IBK카드 온라인신규회원연회비 캐시백 이벤트,
카드의정석 MILEAGE Asiana Club,프리미엄,전 세계 공항라운지 무료 이용 서비스,"국내 3만9천원, 해외 3만9천원",,전 세계 공항라운지 무료 이용 서비스프리미엄 투어 서비스,Asiana Club 마일리지 적립,Two-in-one 결제서비스,제주도 렌터카 24H 무료 제공,,,,
아시아나 신한카드 Air 1.5,연회비지원,신규 고객 연회비 100% 캐시백!,마일리지 최대 더블 적립!,1천원당 1.5마일리지+해외 더블적립신규 고객 연회비 100% 캐시백!,신규 고객 연회비 100% 캐시백!신규 회원이면 누구나 참여 가능!,국내외 1천원당 1.5 마일리지 적립해외 이용금액은 2배로 더블적립!,,,,,,
KB국민 톡톡F 카드,연회비지원,온라인신규신청 연회비 100% 캐시백,"무신사, 지그재그 최대 60%할인 ","무신사, 지그재그 최대 60%할인 편의점·대중교통 5% 할인",온라인신규신청 연회비 100% 캐시백홈페이지 내 신용카드 최초 발급 시,지그재그·무신사 최대 60%할인,온라인 간편결제 10%할인,편의점 업종 5% 할인,버스 ·지하철 5% 할인,,,
트래블로그 신용카드,연회비지원,연회비 캐시백 이벤트 !,"국내 2만원, 해외 2만원, 가족겸용 없음신규 회원 최대 2만원 지급",,연회비 캐시백 이벤트 !,국내외 전 가맹점 1.0% 적립면세 가맹점 3% 하나머니 적립!여행 가맹점 3% 하나머니 적립!해외 전 가맹점 3% 하나머니 적립,간편결제 1.0% 하나머니 적립,항공 가맹점 3% 하나머니 적립!,,,,
KB국민 탄탄대로 온리유 티타늄카드,프리미엄,"인천공항 마티나, skyhub 라운지","영화3,500원, 놀이공원 50%할인",주유소 리터당 최대 200점 적립인천공항라운지·발레파킹 무료서비스,"인천공항 마티나, skyhub 라운지인천공항 발레파킹 무료 서비스 제공","리터당 최대 200점 포인트리 적립전국 SK, GS칼텍스(충전소 포함)","다이렉트 자동차보험 1만원 청구할인삼성화재, DB손해보험, 현대해상 등","기타 차량서비스 업종 10% 적립차량정비,부품,인테리어,주차장,세차장","자동납부 시 10% 적립SKT, KT, LG U+ 통신비","3,500원 청구 할인인터파크 영화 예매 시 ","이용 시 최대 50% 현장할인롯데월드, 에버랜드, 캐리비안베이",이용 시 10% 적립KB Pay 내 플러스 O2O
olleh Super DC IBK카드,주유,전 주유소 리터당 60원 할인,"국내 1만원, 해외 1만5천원",,전 주유소 리터당 60원 할인,아웃백/VIPS/TGIF 10%할인,레저,KT 통신요금 청구 할인,"인터넷 예매시 1,500원 청구 할인",,,
KB국민 FINETECH카드(마일리지 아시아나),연회비지원,온라인신규신청 연회비 100% 캐시백,5만원 결제 시 기본 60마일 적립,"국내 모든가맹점 1.2마일 적립해외2마일,스타벅스·CGV 3마일적립",온라인신규신청 연회비 100% 캐시백홈페이지 내 신용카드 최초 발급 시,"1,000원당 최대 3마일 적립!아시아나 마일리지 ",스타벅스 APP 사이렌오더 3마일적립카페/베이커리 가맹점 1.2마일 적립,"티켓링크, 벅스뮤직 3마일 적립공연/전시등 문화가맹점 1.2마일적립",CGV 예매시 3마일 적립영화 가맹점 1.2마일 적립,"1,000원당 1.2마일 적립SKT, KT , LG U+ 통신요금","1,000원당 1.2마일 적립쇼핑 가맹점에서 ","1,000원당 1.2마일 적립외식 가맹점에서"
KB국민 마이핏카드(할인형),외식,VIPS·아웃백 최대 1만원 할인,365일 24시간 언제나 즉시 발급!,외식·마트·주유·통신 등 생활영역실물없이 간편하게 KB Pay로 할인,VIPS·아웃백 최대 1만원 할인배달앱 이용 시 5% 할인,스타벅스·커피빈 최대 1만원 할인,최대 1만원 할인GS25·CU 편의점 이용 시,올리브영 이용 시 최대 1만원 할인,대형마트 이용 시 최대 1만원 할인,최대 1만원 할인SK에너지·GS칼텍스 (충전소 포함),최대 1만원 할인SKT·KT·LGU+ 이동통신요금,G마켓·쿠팡 이용 시 5% 할인
KB국민 탄탄대로 온리유카드,오토,차량 관리 서비스 업종 5% 적립,주유비+차량관리+통신요금 적립까지!,모든주유소 리터당 최대 150점 적립정비·통신 5%적립 손해보험 만원할인,"차량 관리 서비스 업종 5% 적립차량정비, 주차장, 세차장 등","다이렉트 자동차보험 1만원 할인삼성화재, DB손해보험, 현대해상 등",리터당 최대 150점 적립전국 모든 주유소 및 충전소 ,"자동납부 시 5% 적립SKT, KT, LG U+ 통신요금","1장당 3,500원 청구할인인터파크 영화 예매 시 ","롯데월드, 에버랜드 50% 할인캐리비안베이 30% 할인",플러스 O2O 이용 시 5% 적립KB국민카드앱 생활편의서비스,
KB국민 Our WE:SH 카드,연회비지원,온라인신규신청 연회비 100% 캐시백,가장 필수적인 혜택만 모은 할인카드,"마트, 백화점, 동네중심 5%청구할인둘이, 자녀, 돌봄중심 10%청구할인",온라인신규신청 연회비 100% 캐시백홈페이지 내 신용카드 최초 발급 시,SKT등 이동통신요금 10%청구할인,"한식,중식,일식,양식업종 5%청구할인배달의민족 등 배달앱 5% 청구할인패스트푸드 업종 10%청구할인",신세계백화점 등 백화점 5%청구할인,롯데마트 등 대형마트 5% 청구할인롯데슈퍼 등 SSM 5% 청구할인,"SK주유소,SK충전소 5% 청구할인",CGV등 영화관 10% 청구할인,인터파크 등 온라인티켓 10%청구할인공연전시 업종 10% 청구할인서점 업종 5% 청구할인
경차 smart 롯데카드,경차유류환급,경차 smart 롯데카드란?,연간 30만원 경차유류세 환급서비스,"경차유류세 리터당 최대 250원 환급주유, 교통, 쇼핑, 정비 할인까지!",경차 smart 롯데카드란?유류세 환급 서비스회원가입 자격 조건유류세 환급 유의사항,경차 smart 롯데카드주유 할인 서비스,경차 smart 롯데카드정비(엔진오일) 할인 서비스,경차 smart 롯데카드교통 할인 서비스,경차 smart 롯데카드대형마트 할인 서비스,,,
KB국민 HERITAGE Smart [할인형],언제나할인,"국내가맹점 실적, 한도 없이 1%할인",국내외공항 라운지 무료 이용 PP카드,"대한항공 및 저가항공사 15만원할인!국내가맹점1%+특별영역5%, 중복할인","국내가맹점 실적, 한도 없이 1%할인해외가맹점 실적, 한도 없이 3%할인","3가지 할인쿠폰 제공(연1회,택1)특급호텔 15만원 할인쿠폰 제공대한항공 및 저가항공사 15만원할인공연/전시 15만원 할인쿠폰 제공",롯데백화점 등 백화점 최대 6%할인신라면세점등 인터넷면세점 최대6%할인발란 등 온라인 명품 최대 6%할인 랭킹닭컴 배송완료시 포인트 6배 적립유어버스데이 꽃배달 20% 할인서비스,"택시 최대 6%할인버스, 지하철 1% 청구할인전월 이용실적 조건 및 적립한도 없음","골프장, 요가업종 등 최대 6%할인롯데월드 등 1%청구할인전월 이용실적 조건 및 적립한도 없음아고다 국내외 호텔 예약시 10%할인국내, 해외 렌터카 최대 90%할인국내외 투어 상품 할인 쿠폰 서비스제주도 여행상품 할인 및 특전 제공프리미엄 수행기사 서비스 특전 제공제주도, 해외 골프 특전 제공","GS주유소,SK주유소등 최대 6%할인","CU, GS25 등 최대 6% 할인",외국어학원 등 최대 6% 할인
삼성 BIZ iD BENEFIT 카드,언제나할인,국내 가맹점 0.5% 결제일 할인,사업필수템 BIZ iD BENEFIT,사업 필수 경비 1.5% 할인사업 운영 지원 3% 할인,국내 가맹점 0.5% 결제일 할인,4대 사회보험 1.5% 결제일할인부가세환급 편의지원서비스전자세금계산서 월 250건 무료,도시가스요금·전기요금 1.5% 할인,온라인쇼핑몰·해외 1.5% 결제일할인,할인점 1.5% 결제일할인,주유·전기차충전요금 3% 결제일할인,이동통신·인터넷/유선통신 3% 할인,렌탈·보안·방역 3% 결제일할인
원더카드 T  ,통신,SKT통신요금 20% 적립,"국내 1만9천9백원, 해외 1만9천9백원, 가족겸용 없음",,SKT통신요금 20% 적립T멤버십 바코드 결제 20% 적립,대형 마트 10% 하나머니 적립,대중교통 10% 하나머니 적립,,,,,
현대카드Z family,대형마트,이마트·홈플러스·롯데마트 10% 할인,코스트코에서 모든 현대카드 이용 가능,온라인쇼핑·대형마트·배달앱 10%할인주유 리터당 100원 청구 할인,이마트·홈플러스·롯데마트 10% 할인,배달의민족·요기요·쿠팡이츠 10%할인,네이버쇼핑·쿠팡·G마켓 등 10%할인,주유 시 리터당 100원 청구 할인,통신요금 7% 할인아파트관리비 · 도시가스 7% 할인 ,,,
KB국민 Easy on카드,연회비지원,온라인신규신청 연회비 100% 캐시백,여름휴가 필수혜택 총집합!,야놀자·여기어때·데일리호텔 5% 할인휴가지 각종 맛집 5% 할인 제공!,온라인신규신청 연회비 100% 캐시백홈페이지 내 신용카드 최초 발급 시,야놀자·여기어때·데일리호텔 5% 할인,배달의민족 5% 할인 외식업종 5% 할인,G마켓·옥션·11번가 최대 10%할인쿠팡·티몬·위메프 5% 할인롯데·현대·신세계백화점 5% 할인마켓컬리 5% 할인,스타벅스·커피빈 5% 할인제과·아이스크림 업종 5% 할인, GS25·CU 5%할인,멜론·지니 5% 할인,버스·지하철 5% 할인
알뜰교통 신한카드,연회비지원,신규 고객 연회비 100% 캐시백!,대중교통 요금 10% 할인!,"교통, 커피, 마트, 병원 10%할인주요 생활서비스 월 최대 3만원 할인",신규 고객 연회비 100% 캐시백!신규 회원이면 누구나 참여 가능!,버스/지하철 이용액 결제일 10%할인택시 이용액 결제일 10%할인,3대 대형마트 주말 이용액 10%할인,스타벅스/커피빈 등 결제일 10%할인,편의점 이용액 결제일 10%할인,전기차 자동차 보험 가입 3만원 할인전기차 충전요금 최대 50% 할인전기차 하이패스 요금 10% 캐시백,병원/약국 이용액 결제일 10% 할인,
KB국민 Easy Pick카드,연회비지원,온라인신규신청 연회비 100% 캐시백,365일 24시간 언제나 즉시 발급!,쇼핑·마트·주유·교통 5% 기본적립필요한곳 PICK하면 5% 추가적립!,온라인신규신청 연회비 100% 캐시백홈페이지 내 신용카드 최초 발급 시,"대형마트 이용 시 5% 적립이마트, 롯데마트, 홈플러스 등",이용 시 5% 적립주유소 및 충전소(LPG) 업종,"홈쇼핑, 백화점, 소셜커머스 5%적립인터넷쇼핑몰 최대10%,마켓컬리 5%",배달앱 이용 시 5% 적립,"온라인서점 이용 시 5% 적립교보문고, YES24 등","편의점 업종 이용 시 5% 적립GS25, CU 등",이용 시 5% 적립차량정비 및 차량 서비스업종
코웨이 KB국민카드,렌탈,최대 2만원 할인,코웨이렌탈비+통신비+뷰티 할인까지!,"코웨이 렌탈비 최대 2만원 할인통신요금 3천원, 뷰티업종 5% 할인","최대 2만원 할인코웨이 렌탈비, 멤버십","통신요금 매월 3천원 할인SKT, KT, LG U+","뷰티업종에서 5% 할인미용실, 피부미용원, 화장품점",,,,,
KB국민 그린카드(전국형),포인트/캐시백,에코머니 가맹점 최대 5% 적립,365일 24시간 언제나 발급,연회비없음! 쇼핑 최대 3%대중교통 최대 20% 적립,"에코머니 가맹점 최대 5% 적립지자체 문화, 레저 시설 무료입장탄소포인트제 및 에코마일리지제도친환경제품 구매를 통한 녹색소비",국내외가맹점 적립한도없이 0.5%적립,대중교통 이용 시 최대 20% 적립철도 업종 이용 시 최대 10% 적립,에코마일리지제도 에너지절감 프로그램,대형마트 이용 시 최대 3% 적립,탄소포인트제 에너지 절감 프로그램,,
KB국민 쿠쿠렌탈Ⅱ카드,렌탈,쿠쿠 렌탈료 월 최대 1만7천원 할인,365일 24시간 빠른 신청,쿠쿠 렌탈료 자동납부 시 렌탈료매월 1만2천/1만7천원 할인,쿠쿠 렌탈료 월 최대 1만7천원 할인,,,,,,,
KB국민 CLiP카드,통신,매월 최대 1만7천원 할인,365일 24시간 언제나 발급,매월 최대 1만7천원 할인KT 휴대폰·인터넷·TV 요금,"매월 최대 1만7천원 할인통신요금(휴대폰,인터넷,IPTV 등)",,,,,,,
T-Premium KB국민카드,통신,"최대 21,000원 할인",365일 24시간 언제나 발급,SKT 통신요금 최대 2만1천원 할인연간 최대 25만2천원 할인혜택!,"최대 21,000원 할인SKT 통신요금",,,,,,,
KB국민 Liiv M Ⅱ카드,통신,리브M 통신요금 최대 1만7천원 할인,통신요금 절약카드 Liiv M II,리브M 통신비 월 최대 1만7천원할인연 최대 20만 4천원 할인,리브M 통신요금 최대 1만7천원 할인,,,,,,,
현대카드ZERO Edition2(포인트형),대형마트,대형 할인점 2.5%적립,현대카드는 Apple Pay 이용가능,Apple Pay 간편결제국내외 가맹점 1% 포인트적립,대형 할인점 2.5%적립,편의점,대중교통 2.5%적립,　,　,커피 전문점 2.5%적립,국내외 가맹점 M포인트 적립,온라인 간편결제 서비스2.5% M포인트 적립
이디야 하나카드,카페/베이커리,이디야 커피 20~50% 청구할인,"국내 1만5천원, 해외 1만5천원, 가족겸용 없음",,이디야 커피 20~50% 청구할인이디야 멤버스 음료쿠폰 제공 서비스,디지털 구독 30% 청구할인,대중 교통 5% 청구할인,,,,,
하나 국민행복카드,국민행복카드,"임신, 출산 진료비 지원(정부지원금)","국내전용 없음, 해외겸용 없음",,"임신, 출산 진료비 지원(정부지원금)청소년산모 임신, 출산 의료비 지원","병원, 약국 업종 5% 청구할인산모, 신생아 건강관리 지원사업여성청소년 위생용품 바우처 지원",보육료/유아학비 할인 서비스,커피 전문점 10% 청구할인,,,,
IBK-Hybrid카드,체크카드겸용,한장으로 간편하게 하이브리드 서비스!,전월실적 관계없이 신용 0.6% 캐시,전월 실적 관계없이 캐시백!지정금액을 내리면 캐시백 금액이 2배,한장으로 간편하게 하이브리드 서비스!마음대로 선택하는 신용+체크카드 기능,전월실적 관계없이 신용0.6% 캐시백전월실적 관계없이 체크0.3% 캐시백,IBK카드 온라인신규회원 연회비 캐시백 이벤트,,,,,
현대카드Z ontact,문화,"넷플릭스, 유튜브프리미엄, 왓챠 등",현대카드는 Apple Pay 이용가능,온라인Apple Pay 10%청구할인배달 앱 10% 청구할인,"넷플릭스, 유튜브프리미엄, 왓챠 등디지털콘텐츠 이용금액의 30%청구할인",온라인쇼핑 월 멤버십이용금액 70% 청구할인,배달 앱 이용금액의 10%청구할인,커피전문점 스마트오더이용금액의 50% 청구할인,온라인 간편결제 서비스이용금액 10% 청구할인,,,
NH농협 올원 파이카드,대중교통,대중교통(버스/지하철) 5% 청구할인,"국내 1만원, 해외 1만2천원",,대중교통(버스/지하철) 5% 청구할인,주요 커피전문점 20% 청구할인,국내 주요 편의점 5% 청구할인,국내 모든 온라인쇼핑몰 최대20%할인잡화 5% 청구할인,모든 주유소 최대15%할인,이동통신 최대20%할인,국내 대형마트 최대20%할인,전국 병의원 및 약국 최대20% 할인
신한카드 국민행복 ,국민행복카드,임출산 진료비/보육료/생활할인 지원,임출산 진료비부터 아이 교육비까지!,임출산 진료비/보육료 할인 국가바우처병원/약국/산후조리원 5%할인,임출산 진료비/보육료/생활할인 지원,병원/약국/산후조리원 5% 청구할인,"SSG닷컴, 롯데ON, 11번가G마켓, 쿠팡 5% 결제일 할인온라인 월회비 3천원 할인","어린이집/유치원 중 부모부담금,전국 학원 10% 청구 할인","배달의민족, 요기요 10% 청구할인","넷플릭스, 유튜브프리미엄 50% 할인YES24, 알라딘, 교보문고 할인",신한투자증권 수수료 면제 혜택 서비스신한라이프 어린이보험 보험료 우대,
THE CJ KB국민카드,쇼핑, CJ mall 5% 청구할인,365일 24시간 언제나 발급,CJ푸드빌 이용 시 최대 20% 할인올리브영 10% 할인에 1% 적립까지," CJ mall 5% 청구할인올리브영10%할인, 1%적립 추가제공CJ오쇼핑 TV방송·카탈로그 5%할인",일1회/연12회 건당 최대6천원 할인CGV에서 영화티켓 예매 및 구입 시,"CJ푸드빌 최대 20% 현장할인VIPS, 제일제면소, 더플레이스 등",CJ 올리브영 구매시 10% 현장할인이용금액 1% CJ적립금도 추가 적립,"CJ푸드빌 10% 현장할인 뚜레쥬르, 투썸플레이스, 주스솔루션",,,
the Red Edition5,연회비지원,연회비 100% 상당의 혜택 제공 ,Apple Pay 설정 가능 카드,웰컴이벤트15만 M포인트 제공혜택(M포인트형),연회비 100% 상당의 혜택 제공 ,　,선택 제공 혜택항공 마일리지형M포인트형※유의사항,로열티 보너스 제공메탈 소재 카드 플레이트 제공The Lounge Members무료 발레파킹서비스 제공,　,,,
현대카드X BOOST,간편결제,온라인 간편결제서비스이용시5%할인,현대카드는 Apple Pay 이용가능,Apple Pay 간편결제 5% 할인언제나 1%~1.5% 실적별 할인,온라인 간편결제서비스이용시5%할인,모든 가맹점 실적별 1%1.5%할인,,,,,,
the Red Stripe,연회비지원,온라인 신청 혜택,Apple Pay 설정 가능 카드,웰컴이벤트15만M포인트 제공혜택 (M포인트형),온라인 신청 혜택,기본 바우처보너스 바우처,선택 제공 혜택항공 마일리지형M포인트형,로열티 보너스 제공메탈 소재 카드 플레이트 제공The Lounge Members무료 발레파킹서비스 제공,GS칼텍스 주유시,,,
#MY WAY (샵 마이웨이),대중교통,대중교통 건당 300원 할인,"국내 2만원, 해외 2만원, 가족겸용 없음",,대중교통 건당 300원 할인대중교통 할인 안내,커피 건당 300원 할인 커피 할인 제외 대상,편의점 건당 300원 할인 편의점 할인 제외 대상,디지털 구독 결제 건당 3천원 할인,주유/충전 건당 3천원 할인 ,대형마트 결제 건당 3천원 할인 ,백화점/온라인결제 건당3천원 청구할인,통신 결제 건당 3천원 할인
기업은행 용인시민카드,레저,"에버랜드, 캐리비안베이, 한국민속촌","국내 5천원, 해외 7천원",,"에버랜드, 캐리비안베이, 한국민속촌용인 주요 놀이공원 50~60% 할인","이마트, 홈플러스, 롯데마트, 농협주요 대형마트 5% 할인","휘발유, 등유, 경유, LPG 포함전 주유소 리터당 60원 할인",주요 패밀리 레스토랑 20% 할인!불고기브라더스 20% 현장 할인!,"스타벅스, 커피빈, 카페베네 등주요 커피전문점 20%할인","쿠팡, 티몬, 위메프 등온라인 쇼핑 20% 할인","CGV, 롯데시네마현장/온라인 영화 예매 4천원 할인!","용인시 경전철 포함!버스, 지하철 3% 할인"
현대카드X3 BOOST,간편결제,온라인 간편결제 5% 할인,현대카드는 Apple Pay 이용가능,Apple Pay 간편결제 5% 할인언제나 1%~1.5% 실적별 할인,온라인 간편결제 5% 할인,1만원 보너스 캐시백,모든가맹점 실적별 1%~1.5%할인,현대카드 플래티넘 서비스주말 무료주차,"현대카드 플래티넘 서비스커피전문점 건당 1,000원 청구할인",,,
Mile 1.6 아시아나,항공마일리지,"1,500원당 최대 1.8 마일 적립","해외 4만5천원, 가족 1만원",,"1,500원당 최대 1.8 마일 적립HANA Mile 사용HANA Mile 결제 대금 차감",스타벅스 4천원 청구할인,"CGV, 롯데시네마 4천원 청구할인",,,,,
원더카드 HAPPY,간편결제,페이결제 5% 청구할인,"국내 1만2천원, 해외 1만2천원, 가족겸용 없음",,페이결제 5% 청구할인,커피 5% 청구할인,대형 마트 5% 청구할인,주유/LPG충전 5% 할인 ,뷰티 앤 펫 5% 할인,,,
KB국민 그린카드(서울형),포인트/캐시백,에코머니 가맹점 최대 5% 적립,365일 24시간 언제나 발급,연회비없음! 쇼핑 최대 3%대중교통 최대 20% 적립,"에코머니 가맹점 최대 5% 적립지자체 문화, 레저 시설 무료입장탄소포인트제 및 에코마일리지제도친환경제품 구매를 통한 녹색소비",국내외가맹점 적립한도없이 0.5%적립,대중교통 이용 시 최대 20% 적립철도 업종 이용 시 최대 10% 적립,에코마일리지제도 에너지절감 프로그램,대형마트 이용 시 최대 3% 적립,에코마일리지제도 에너지 절감 프로그램,,
원더카드 LIVING  ,관리비,생활요금 10% 청구할인,"국내 1만9천9백원, 해외 1만9천9백원, 가족겸용 없음",,생활요금 10% 청구할인,주유/LPG충전 10% 할인 ,커피 10% 청구할인,병원/약국 10% 할인,국내가맹점 2~3개월 무이자할부,"택시업종, 카카오T, UT 10%할인",,
코스트코 리워드 현대카드,포인트/캐시백,코스트코 결제시 최대 3% 포인트적립,"국내 1만원, 해외 1만원, 가족 5천원",,코스트코 결제시 최대 3% 포인트적립편의점·카페 등 최대 2% 포인트적립모든 가맹점 기본 1% 포인트 적립＊코스트코 리워드 포인트 적립/사용,"코스트코 매장, 온라인몰 결제 시최대 3% 포인트 적립","스타벅스, 파리바게뜨, 뚜레쥬르 등최대 2% 포인트 적립","GS25, CU, 이마트24최대 2% 포인트 적립","CGV, 롯데시네마, 메가박스최대 2% 포인트 적립",버스 및 지하철최대 2% 포인트 적립,단 한번의 클릭으로 온라인 결제 완료PayShot/앱카드(간편결제),"당월 이용금액, 적립한도 제한 없이외식 업종 이용 시 1% 포인트 적립"
현대카드M2 BOOST,연회비지원,신규회원 Welcome 이벤트,현대카드는 Apple Pay 이용가능,Apple Pay 설정 가능온라인결제 5%M포인트 적립,신규회원 Welcome 이벤트,제한없는 포인트 적립 업종별 실적별0.5%~4.5% M포인트 적립보너스 리워드 1만 M포인트 적립M포인트  사용,영화 0.5%~4.5% M포인트적립,"커피전문점, 베이커리0.5%~4.5% M포인트적립현대카드 플래티넘 서비스플래티넘서비스제공기준",온라인 간편결제 서비스 5% 적립,주유 특별적립,M포인트 항공마일리지 전환,하이패스 이용금액 M포인트 적립
현대카드M3 BOOST,연회비지원,신규회원 Welcome 이벤트,현대카드는 Apple Pay 이용가능,Apple Pay 설정 가능온라인결제 5%M포인트 적립,신규회원 Welcome 이벤트,제한없는 포인트 적립업종별실적별 0.5%~6%M포인트적립보너스 리워드 1만 M포인트 적립M포인트를 H-Coin으로 교환,영화 0.5%~6% M포인트적립,"커피전문점, 베이커리0.5%~6% M포인트적립현대카드 플래티넘 서비스플래티넘서비스제공기준",현대카드 플래티넘서비스 주말 무료주차플래티넘서비스제공기준,하이패스 이용금액 M포인트 적립,주유 특별적립,M포인트 항공마일리지 전환
원더카드 DAILY,대중교통,대중교통 10%할인,"국내 1만9천9백원, 해외 1만9천9백원, 가족겸용 없음",,대중교통 10%할인,편의점 10% 청구할인,영상스트리밍 40% 청구할인,온라인식품 & 쇼핑 10% 할인,,,,
KB국민 LGU+ 심플라이트카드,통신,"최대 17,000원 할인",KB국민카드로 통신료를 아끼자!,"매월 최대 17,000원 할인!LG U+통신비 자동이체 이용 시","최대 17,000원 할인LG U+ 통신료 자동이체 시",,,,,,,
My Trip AsianaClub 카드,항공마일리지,아시아나항공마일리지 적립한도없이 적립,해외 3만원,,아시아나항공마일리지 적립한도없이 적립,에어서울/에어부산 항공권 할인,,,,,,
트레이더스 신세계 삼성카드,대형마트,트레이더스 최대 5% 결제일할인,"트레이더스, 신세계백화점 할인!","트레이더스 최대5%, 신세계할인통신·커피·학원·약국 할인까지!",트레이더스 최대 5% 결제일할인,신세계백화점 5% 전자할인쿠폰 제공신세계백화점 무료주차권 제공신세계백화점 1천원당 2포인트 적립,이동통신 5% 결제일할인,커피전문점 5% 결제일할인,학원·서점·학습지·인터넷강의 5%할인,병원·약국 5% 결제일할인,,
CLUB Signature SKYPASS,프리미엄,택1) 신라면세점 10만원 이용권,"해외 14만5천원, 가족 1만5천원",,"택1) 신라면세점 10만원 이용권택2) 호텔 외식통합 12만원 이용권연 1회, 2가지 중 1가지 선택제공",전세계 주요 라운지 무료입장!,"1,500원당 최대 2.0마일 적립",,,,,
KB국민 SK매직 올림카드,렌탈,SK매직 렌탈료 최대 2만원 청구할인,SK매직렌탈료+놀이공원+영화 할인까지,"SK매직 렌탈료 최대 2만원 할인!놀이공원 최대50%, 영화 할인까지!",SK매직 렌탈료 최대 2만원 청구할인,"롯데월드, 에버랜드 50% 할인캐리비안베이 30% 할인","1매당 3,500원 청구할인인터파크 영화 예매 시 ",,,,,
IBK-Syrup카드,포인트/캐시백,"OK캐시백,GS포인트,아모레퍼시픽 등","국내 5천원, 해외 7천원",,"OK캐시백,GS포인트,아모레퍼시픽 등통합멤버십 포인트 적립 & 사용 가능","메가박스, 교보문고, S-OIL 등IBK-Syrup 모바일쿠폰 서비스",,,,,,
NH농협 별다줄카드,언제나할인,국내 온라인 전 가맹점 7% 청구할인,"국내 1만2천원, 해외 1만4천원",,국내 온라인 전 가맹점 7% 청구할인,무신사·크림·야놀자 등 14% 할인,"대중교통(버스,지하철) 5% 청구할인","스타벅스,이디야 5% 청구할인",편의점 5% 청구할인,통신요금 5% 청구할인,배달앱 5% 청구할인,OTT 구독 5% 청구할인
갤러리아 KB국민카드,쇼핑,갤러리아 백화점(Mall) 5% 할인,갤러리아 백화점 할인 특화 카드!,갤러리아 백화점 5% 할인에갤러리아 마일리지 적립까지!,갤러리아 백화점(Mall) 5% 할인,갤러리아 마일리지 적립,,,,,,
국민연금증 연금하나카드,대중교통,"지하철, 버스 월 최대 1만원 캐쉬백","국내 5천원, 해외 5천원, 가족겸용 없음",,"지하철, 버스 월 최대 1만원 캐쉬백","국내 병원, 약국 최대 1만원 캐쉬백","GS25,CU,세븐일레븐 5% 캐쉬백",SSM 5% 캐쉬백,SK주유소 5% 캐쉬백,영화 5천원 캐쉬백,,
다둥이행복카드,외식,패밀리레스토랑 할인,2자녀 이상 가정 특혜카드,다둥이 가정 양육비 절감카드! 대중교통/주유할인 혜택까지,패밀리레스토랑 할인고급 식음료 매장 할인,스타벅스 20% 청구할인,자유적금 연 0.2% 금리 우대우리은행 이용 수수료면제우리은행 환전수수료 50% 우대SMS 문자서비스 평생무료,대중교통요금 10%청구할인,모아포인트 최고 0.9% 적립,전가맹점 2~3개월 무이자 할부 ,유명의류 10%할인현대홈쇼핑 3% 할인 ,GS칼텍스 청구할인
KB국민 청호나이스Ⅱ카드,렌탈,청호나이스렌탈료 월최대 1만7천원할인,365일 24시간 빠른 신청,청호나이스 렌탈료 자동납부 시렌탈료 매월 1만2천/1만7천원 할인,청호나이스렌탈료 월최대 1만7천원할인,,,,,,,
KB국민 청춘대로 1코노미카드,편의점,편의점 업종 이용 시 20% 적립,365일 24시간 언제나 발급,"통신·쇼핑몰·생활요금 5% 적립편의점20%, 음식점·택시5% 적립","편의점 업종 이용 시 20% 적립GS25, CU, 세븐일레븐 등",모든 음식점 업종 이용 시 5% 적립배달앱 이용 시 5% 적립,"5% 포인트리 적립SKT, KT , LG U+ 통신요금",택시 이용 시 5% 포인트리 적립,"쇼핑 업종 5% 포인트 적립인터넷쇼핑몰, 마켓컬리, 캐릭터샵 등","5% 포인트리 적립숙박앱, 렌트앱 이용 시",최대 3천점 포인트리 적립고액결제 리워드 서비스,"5% 포인트리 적립생활요금(도시가스, 수도, 전기)"
삼성페이 삼성카드 taptap,간편결제,삼성 페이로 결제 시 10% 할인,삼성페이 쓸 땐 taptap!,"삼성페이 10%, 통신비10% 할인국내외가맹점0.3%,영화관5천원할인",삼성 페이로 결제 시 10% 할인,이동통신요금 자동납부 시 10% 할인,CGV·롯데시네마 5천원 결제일할인,국내외 가맹점 0.3% 결제일할인,쇼핑업종 0.3% 결제일할인,편의점 0.3% 결제일할인,커피전문점 0.3% 결제일할인,
신세계 THE S VIP 삼성카드,쇼핑,신세계백화점 1% 결제일할인,"국내 4만7천원, 해외 4만9천원",,신세계백화점 1% 결제일할인신세계백화점 제휴 서비스,모든 가맹점 0.5% 결제일할인,모든 영화관 1만원 결제일할인,커피전문점 20% 결제일할인,VIPS·계절밥상 2만원 결제일할인,놀이공원 50%·워터파크 30% 할인,교육 1.5% 결제일할인,할인점 1.5% 결제일할인
T 라이트 삼성카드,통신,SKT라이트할부 월 최대 2만원할인,365일 24시간 할인,"SKT 2년장기할부 최대 48만원할인커피 5%, 편의점·배달앱 5% 할인",SKT라이트할부 월 최대 2만원할인(할부수수료율 연 5.9%~7%)SKT 24·36개월 라이트할부할부 미이용 자동납부 최대 8천원할인,커피전문점 5% 결제일할인,배달앱 5% 결제일할인,편의점 5% 결제일할인,,,,
모두렌탈 KB국민카드,렌탈,모두렌탈 자동납부요금,365일 24시간 빠른 신청,모두렌탈 렌탈료 자동납부 시매월 1만2천원/1만7천원 할인,모두렌탈 자동납부요금매월 최대 1만7천원 할인,,,,,,,
모두의 신세계 하나카드,쇼핑,"백화점, 아카데미 5% 청구 할인","국내 1만2천원, 해외 1만2천원, 가족겸용 없음",,"백화점, 아카데미 5% 청구 할인시코르닷컴 5% 청구 할인",페이결제 5% 청구할인 제공,카페 20% 청구 할인베이커리 20% 청구 할인,택시 20% 청구 할인 ,"놀이공원, 워터파크 30% 청구 할인프로야구, 프로축구 30% 청구 할인",,,
하나멤버스 1Q카드 내맘대로,외식,점심값 7% 하나머니 적립,내맘대로 서비스는 월 1회 변경 가능,"다른 서비스가 필요할땐 내맘대로 변경점심값,편의점,주유 직장인형 내맘대로","점심값 7% 하나머니 적립커피,베이커리,배달앱 내맘대로 변경","11번가,G마켓,옥션 5%하나머니적립해외/트렌디쇼핑 내맘대로 서비스",택시 10% 하나머니 적립교통영역 내맘대로 서비스 변경대중교통 5% 하나머니 적립,편의점 7% 하나머니 적립쇼핑영역 내맘대로 서비스 변경,"SKT/B,KT,LGU+ 5% 적립",Priority Pass카드 신청가능프리미엄 적립 Pack,레저/문화 내맘대로 서비스,"CGV, 롯데시네마, 메가박스 적립"
#tag1카드 Navy (태그원카드 네이비),통신,통신요금 10% 우대 할인,해외 1만2천원,,통신요금 10% 우대 할인,쇼핑 10% 우대 할인,주유 리터당 60원 우대 할인,대형마트 5% 우대 할인,패밀리레스토랑 10% 우대 할인,놀이공원 본인 50% 할인,학원 10% 우대 할인,아파트관리비 10% 우대 할인
NH농협 알뜰교통카드,대중교통,버스/지하철/택시/철도 10%청구할인,"국내 1만3천원, 해외 1만5천원",,버스/지하철/택시/철도 10%청구할인,렌터카/카쉐어링 10% 청구할인스포츠 5% 청구할인,오픈마켓 5% 청구할인H&B(뷰티) 5% 청구할인,이동통신요금 5% 청구할인,배달앱 5% 청구할인,전기차 충전 10% 청구할인,커피전문점 10% 청구할인,편의점 10% 청구할인
아모레퍼시픽IBK카드,영화,"CGV, 롯데시네마, 메가박스 등","국내 1만원, 해외 1만2천원",,"CGV, 롯데시네마, 메가박스 등영화 10,000원 결제일 할인!","스타벅스, 커피빈, 투썸플레이스 등주요 카페전문점 20% 할인!","올리브영, GS, CU, 세븐일레븐주요 편의점 10% 할인!","이마트, 홈플러스, 롯데마트대형마트 5% 할인!","후불교통카드 이용시버스, 지하철 이용건당 200원 할인",LPG도 포함 모든 주유소 리터당 60원 할인!,레저전국 주요 놀이공원 최대 50% 할인,
zgm.rounding카드,레저,"골프•연습장, 스크린골프 5% 할인","국내 2만3천원, 해외 2만5천원",,"골프•연습장, 스크린골프 5% 할인쇼골프 연습장 일 타석권 50% 할인홀인원 축하금 100만원 제공",커피전문점 10% 청구할인,국내 국제공항 라운지 연2회 무료이용,,,,,
KB국민 톡톡 my living카드,연회비지원,온라인신규신청 연회비 100% 캐시백,"온라인쇼핑, 배달앱 등 최대15%적립","온라인쇼핑, 배달앱 등 최대15%적립대형마트, 학원, 이동통신 비용까지!",온라인신규신청 연회비 100% 캐시백홈페이지 내 신용카드 최초 발급 시,"온라인쇼핑  최대 15% 적립쿠팡, 마켓컬리  최대 15% 적립슈퍼마켓 최대 15% 적립",이마트 등 대형마트 최대 15% 적립,이동통신요금 자동결제 10%적립,렌탈 자동결제  10% 적립,학원 업종 최대 15% 적립,서점 업종 최대 15% 적립,배달의민족 등 최대 15% 적립
Flex카드 몽블랑 에디션,포인트/캐시백,국내외 가맹점 L포인트 0.5% 적립,국내외 가맹점 한도없이 0.5% 적립,국내외 가맹점 L포인트 0.5% 적립스타벅스 50%·스트리밍 30% 할인,국내외 가맹점 L포인트 0.5% 적립,스트리밍 30% 결제일 할인문화업종 0.5% L.POINT 적립,커피 50% 결제일 할인카페업종 0.5% L.POINT 적립,롯데면세점 최대 15% 현장할인쇼핑업종 0.5% L.POINT 적립,해외겸용 플래티넘 서비스,통신업종 0.5% L.POINT 적립,대형마트 0.5% L.POINT 적립,편의점 0.5% L.POINT 적립
신한카드 Deep On Platinum+,연회비지원,신규 고객 연회비 100% 캐시백!,365일 야간에도 주말에도 빠르게!,"온라인 간편결제 이용시 10% 할인!편의점,생활,커피,월납 20% 할인",신규 고객 연회비 100% 캐시백!신규 회원이면 누구나 참여 가능!,"간편결제 온라인업종 이용시 10%할인요기요,GS프레시 추가 10%할인",해외 이용금액 10% 캐시백!,제주항공 · 에어부산 10% 할인!,4대 편의점 20% 할인,올리브영·다이소 20%할인쿠팡·위메프 월납20% 할인,스타벅스·투썸플레이스 20% 할인,
NU Blanc,포인트/캐시백,국내 전가맹점 1~1.8% 포인트적립,"국내 5만원, 해외 5만원",,"국내 전가맹점 1~1.8% 포인트적립해외 전 가맹점 3% 포인트 적립보너스 포인트 20,000점 적립",전세계 공항라운지 무료 이용K리무진 버스 무료 이용골프 서비스전국 부티크 호텔 무료 브런치 제공이용방법,커피 브랜드 1~1.8% 포인트 적립,편의점 1~1.8% 포인트 적립,대형마트 1~1.8% 포인트 적립,병원 약국 1~1.8% 포인트 적립,소셜 커머스 1~1.8% 포인트 적립,대중교통 1~1.8% 포인트 적립
신한카드 Shopping,카페/베이커리,커피전문점 10% 할인!,"5대 백화점, 마트 10% 할인!",특별한 쇼핑의순간 Shopping카드온-오프라인 쇼핑 10% 할인,커피전문점 10% 할인!,4대 정유사 리터당 60원 할인!,5대 마트 10% 할인!창고형 할인매장 10% 할인!,온라인서점 10% 할인!,"5대 백화점 10% 할인!프리미엄 아울렛 10% 할인!홈쇼핑 10% 할인!소셜커머스 10% 할인!마켓컬리, 프레딧, 집반찬연구소 할인","다이소, 올리브영 10% 할인",,
스타벅스 현대카드,카페/베이커리,카페업종 이용 시 스타벅스 별 적립,현대카드는 Apple Pay 이용가능,Apple Pay 설정 가능누적 이용금액 3만원 당 별1개 적립,카페업종 이용 시 스타벅스 별 적립,쇼핑업종 이용 시 스타벅스 별 적립,누적 이용금액 기준 스타벅스 별 적립,간편결제 이용 시 스타벅스 별 적립,대중교통 이용 시 스타벅스 별 적립,문화업종 이용 시 스타벅스 별 적립,뷰티업종 이용 시 스타벅스 별 적립,편의점 이용 시 스타벅스 별 적립
NH농협 국민행복카드(비씨),국민행복카드,건강보험 임신·출산 진료비 지원,"국내전용 없음, 해외겸용 없음",,"건강보험 임신·출산 진료비 지원청소년 산모 임신, 출산 의료비 지원보육료·유아학비 지원(아이행복카드)첫만남이용권 지원사업","A 타입 혜택조산원, 산후조리원 5% 청구할인",A 타입 혜택주요 온라인 쇼핑몰 5% 청구할인,"A, B타입 공통 혜택주요 커피 전문점 20% 청구할인","A, B 타입 공통 혜택주요 패밀리레스토랑 10% 청구할인","A, B 타입 공통 혜택이동통신요금 자동이체 1천원 청구할인","A, B 타입 공통 혜택전국 시내버스, 지하철 5% 청구할인","B 타입 혜택놀이공원 자유이용권 50% 현장할인A, B 타입 공통 혜택딸기가 좋아 놀이시설 이용시 청구할인"
신한카드 Edu,교육,교육 업종 이용시 5~10% 캐시백!,교육 업종 최대 10% 캐시백!,"학원,학습지,유치원 5~10% 할인아파트 관리비 5천원, 마트 병원1%",교육 업종 이용시 5~10% 캐시백!결제건수에 따라 3~5천원 추가할인!,의료 업종 이용시 1% 할인!,주요 3대 마트 이용시 1% 할인!,교육비 연계 아파트 관리비 할인!,,,,
참! 좋은 kt wiz 카드,대형마트,"이마트,홈플러스,롯데마트,농협하나로","국내 2천원, 해외 5천원",,"이마트,홈플러스,롯데마트,농협하나로대형마트 5% 할인!","전 주유소(유류, LPG 포함)리터당 60원 할인!","전국 영화관 및 인터넷 예매시영화 8,000원 할인!",불고기브라더스 20% 현장 할인패밀리레스토랑 20% 할인!,"놀이공원 할인 월 1회, 연2회 한도수원 kt wiz 입장권 3천원 할인","KT위즈파크내 야구용품점 10% 할인쿠팡, 티몬, 위메프 20%할인",TOP 포인트 이용실적에 따라 0.2%~0.4% 까지 제공!,"스타벅스, 커피빈, 카페베네 등주요 커피전문점 20% 할인!"
메리어트 본보이™ 더 베스트 신한카드,프리미엄,1박 무료 숙박권 제공 (연 1회),"국내 26만4천원, 해외 26만7천원, 가족 5만원",,1박 무료 숙박권 제공 (연 1회)메리어트 본보이™ 엘리트 멤버십 제공엘리트 숙박 크레딧 10개 제공국내 메리어트 참여 호텔 조식 할인공항 라운지 무료 이용 (연 4회),메리어트 본보이™ 포인트 적립 서비스특별 적립 및 일반 적립메리어트 본보이™ 보너스 포인트 제공,,,,,,
#Pay 신한카드,연회비지원,신규 고객 연회비 100% 캐시백!,"국내 2만7천원, 해외 3만원신규 회원 최대 3만원 지급",,신규 고객 연회비 100% 캐시백!신규 회원이면 누구나 참여 가능!,7개 Pay 국내 거래시 5% 적립,,,,,,
NH농협 올바른HOMETOWN카드,대형마트,하나로마트/하나로클럽 5% 청구할인,"국내 1만2천원, 해외 1만4천원",,하나로마트/하나로클럽 5% 청구할인,슈퍼마켓 5% 청구할인홈쇼핑 10% 청구할인,병의원/약국 5% 청구할인건강식품 10% 청구할인,대중교통(버스/지하철) 10% 할인,보이스피싱 보상보험 무료 가입,,,
LOCA 100,연회비지원,롯데카드 온라인신청 특별 혜택,신규 발급 100% 연회비 캐시백!,국내외 가맹점 최대 1% 할인!6만원 Flex Voucher 제공!,롯데카드 온라인신청 특별 혜택신규회원 연회비 100% 캐시백이벤트,결제일 할인 혜택으로 사용할 수 있는6만원 Flex Voucher 제공!,쇼핑 관련 가맹점최대 1% 결제일 할인,카페/베이커리 가맹점최대 1% 결제일 할인,외식업종 가맹점최대 1% 결제일 할인,레저 관련 가맹점최대 1% 결제일 할인,문화 관련 가맹점최대 1% 결제일 할인,편의점 가맹점최대 1% 결제일 할인
My Trip SKYPASS 카드,항공마일리지,대한항공 마일리지 적립한도 없이 적립,해외 3만원,,대한항공 마일리지 적립한도 없이 적립,진에어 항공권 구매 시 5% 청구할인,,,,,,
KB국민 아시아나 올림카드,항공마일리지,"국내이용 1,500원당 2마일 적립","국내 2만8천원, 해외 3만원",,"국내이용 1,500원당 2마일 적립해외이용 1,500원당 3마일 적립",,,,,,,
zgm.streaming카드,쇼핑,멤버십 이용요금 7천원 청구할인,"국내 1만2천원, 해외 1만2천원",,멤버십 이용요금 7천원 청구할인,스트리밍 이용요금 50% 청구할인,스타벅스 사이렌오더 50% 청구 할인,온라인 간편결제 5% 청구 할인,,,,
the Purple osée,항공마일리지,항공마일리지형 선택시 마일리지 적립,"국내 80만원, 해외 80만원, 가족 20만원",,"항공마일리지형 선택시 마일리지 적립연 1회 로열티 보너스 제공(연간 4천만원 이용시, 옵션 택1)","M포인트형 선택 시 M포인트 적립연 1회 로열티 보너스 제공(연간 4천만원 이용시, 옵션 택1)","트래블/호텔/쇼핑 영역에서연1회 최대60만원 상당 바우처 제공(취향대로 직접 설계, 사용 가능)",전세계 공항 라운지 무료 이용 가능한Priority Pass 카드 제공,특수 소재 플레이트 무료 제공무료발레파킹서비스제공(호텔 및 공항)the Purple 회원전용상담데스크,현대카드 슈퍼콘서트회원 전용 선예매 혜택 제공,현대카드 클럽서비스 이용 시 우대혜택,
신한카드 Air Platinum#,항공마일리지,"대한항공, 아시아나항공 마일리지 적립",365일 야간에도 주말에도 빠르게!,"대한항공 1,500원당 1마일리지항공마일리지 적립 및 프리미엄 서비스","대한항공, 아시아나항공 마일리지 적립마이신한포인트 항공마일리지 전환 가능",S-OIL 리터당 60 포인트 적립!현대오일뱅크 리터당 60 포인트적립!,"특급호텔 레스토랑, 객실 할인 서비스공항 발렛파킹 무료(월 3회)인천공항내 무료 커피, 레스토랑 할인실내/실외 골프장 적립",패션/요식 거리 이용금액 2% 적립,무료 주차 서비스(월 3회),,,
THE iD. PLATINUM (포인트),바우처,기프트 서비스 (택 1),지극히 사적인 프리미엄,5가지 기프트서비스 택1한도없이 이용금액 1.5%빅포인트적립,기프트 서비스 (택 1) ,국내외 공항 라운지 무료 서비스Mastercard 프리미엄 서비스국내 특급 호텔 무료 발렛파킹인천공항 무료 발렛파킹Dine with Mastercard특수 소재 카드,국내 가맹점 1% 빅포인트 적립생활 편의영역 1.2% 빅포인트 적립특별 가맹점 1.5% 빅포인트 적립,디지털콘텐츠 50% 할인,"스타벅스 3,000원 할인",,,
코웨이 플러스 하나카드,렌탈,코웨이 렌탈요금 1만 3천원 청구할인,"국내 1만2천원, 해외 1만2천원, 가족겸용 없음",,코웨이 렌탈요금 1만 3천원 청구할인,"이마트, 홈플러스, 롯데마트 3%할인",커피빈 10% 청구할인,,,,,
하나 스카이패스 아멕스 플래티늄,항공마일리지,"이용금액 1,000원당 1 마일 적립","국내 4만5천원, 해외 4만5천원, 가족 2만원",,"이용금액 1,000원당 1 마일 적립",인천공항 라운지 이용 시 무료,,,,,,
신세계 신한카드,쇼핑,신세계백화점 5% 결제일 할인,신세계백화점 5% 할인!,신세계백화점/이마트 5% 결제일 할인카페/온라인서점/주유 5% 결제일할인,신세계백화점 5% 결제일 할인이마트 5% 결제일 할인,해외 이용금액 5% 캐시백,커피숍 5% 결제일 할인,이마트 5% 결제일 할인,"GS칼텍스,S-Oil 5% 결제일할인",온라인서점 5% 결제일 할인,신세계 입점영화관 주말 3천원 할인,"롯데월드, 서울랜드 자유이용권 할인"
카드의정석 UniMile in JEJU,프리미엄,제주도 숙박 5% 할인,"국내 1만5천원, 해외 1만5천원",,제주도 숙박 5% 할인전세계 공항 라운지 무료 이용 서비스제주도 항공권 발권수수료 면제,제주도 관광지 5% 할인제주도 렌터카 48H / 24H 무료,5대항공사 UniMile 3%특별적립국내가맹점 UniMile 0.7%적립,면세점 UniMile 2% 특별적립해외 UniMile 1% 특별적립,편의점 UniMile 1% 특별적립,주유 및 충전 시 리터당 40원 할인,Two-in-one 결제서비스,
IBK 그린카드 v2,포인트/캐시백,국내 전 가맹점 0.2% ~ 1.0%,"국내 1만원, 해외 1만2천원",,국내 전 가맹점 0.2% ~ 1.0%,"버스, 지하철 10%~ 20% 적립",커피 10% 할인,온라인업종 5% 적립,생활요금 5% 적립,"온라인 영화 예매 2,000원 할인",전국 지자체 공공시설 무료입장 또는 ,
NH농협 SOHO 다사로이OIL카드,주유,전 주유소 및 LPG 5% 청구할인,"국내 1만5천원, 해외 1만7천원, 가족겸용 없음",,전 주유소 및 LPG 5% 청구할인,4대사회보험·전기요금 0.5%청구할인,이동통신 요금 0.5% 청구할인,엔진오일 및 와이퍼 무료교환 서비스차량 구매액 1% 청구할인,카카오T대리 자동결제 10% 청구할인,,,
NH농협 올바른POINT UP 카드,포인트/캐시백,적립한도없이 0.7~2%NH포인트적립,해외 1만4천원,,적립한도없이 0.7~2%NH포인트적립,국제공항 라운지 무료이용,이체수수료 통합 월 10회 면제,,,,,
LOTTE ONers 롯데카드,쇼핑,L.POINT 최대 3% 적립,연 최대 120만 포인트 적립!,롯데ON 최대 3% 적립일반 가맹점 0.5% 적립,L.POINT 최대 3% 적립,,,,,,,
신한카드 Deep Dream Platinum+,연회비지원,신규 고객 연회비 100% 캐시백!,"국내 3만원, 해외 3만3천원신규 회원 최대 3만3천원 지급",,신규 고객 연회비 100% 캐시백!신규 회원이면 누구나 참여 가능!,적립한도 없이０.7~1.1% 기본적립DREAM영역 이용시 최대5.5%적립해외 이용금액 10% 캐시백DREAM영역,제주항공·에어부산 10% 할인,대형마트 이용금액 최대 5.5% 적립기본 0.7~1.1% 한도없이 적립,3대 백화점 최대 5.5% 적립기본 0.7~1.1% 한도없이 적립다이소 이용금액 최대 5.5% 적립,커피 업종 이용금액 최대 5.5%적립기본 0.7~1.1% 한도없이 적립,3대 편의점 이용시 최대 5.5%적립기본 0.7~1.1% 한도없이 적립,"택시 이용 3,6,9번째 2천원 할인대중교통 이용금액 최대 1.1% 적립"
신한카드 MY CAR,연회비지원,온라인 신규회원 연회비 100%캐시백,내차 사고 매월 캐시백 받자!,자동차할부 연간 최대 48만원 캐시백모든 주유소 리터 당 80원 할인,온라인 신규회원 연회비 100%캐시백신규 회원이면 누구나 참여 가능!,모든 주유소 리터당 80원 결제일할인모든 충전소 리터당 40원 결제일할인전기차 충전요금 30% 결제일 할인,일시불·단기할부 0.2% 캐시백 제공장기할부·오토금융 매월 캐시백 제공자동차 정비 이용 건별 2만원 할인전국 주차장 월 최대 4천원 할인카카오T 대리운전 2천원 할인,하이패스 월 최대 1천원 청구 할인,전국 커피전문점 월 최대 2천원 할인,,,
신세계 멘즈라이프 삼성카드,쇼핑,신세계백화점 7% 결제일할인,신세계백화점 할인 추천!,"신세계7%, 택시·편의점 등 3%할인SK, GS 리터당 최대 100원할인",신세계백화점 7% 결제일할인신세계백화점 제휴 서비스 제공,리터당 최대 100원 결제일할인,스타벅스 20% 결제일할인,택시 3% 결제일할인,편의점 3% 결제일할인,골프연습장 3% 결제일할인,신세계백화점 문화센터 7% 결제일할인,
CLUB Signature Asiana Club,프리미엄,택1) 신라면세점 10만원 이용권,"해외 14만5천원, 가족 1만5천원",,"택1) 신라면세점 10만원 이용권택2) 호텔 외식통합 12만원 이용권연 1회, 2가지 중 1가지 선택제공",전세계 주요 라운지 무료입장!,"1,000원당 최대 2.0마일 적립",,,,,
신세계 the Mile 하나카드,항공마일리지,신세계 5천원 결제 시 10마일 적립,"국내 3만5천원, 해외 3만5천원, 가족겸용 없음",,신세계 5천원 결제 시 10마일 적립국내/외 가맹점 결제 시 7마일 적립,,,,,,,
I’m WONDERFUL 플래티넘카드,연회비지원,롯데카드 온라인신청 특별혜택,신규 발급 100% 연회비 캐시백!,국내외 가맹점 최대 1.4% 할인혜택원더풀한 할인과 플래티넘 서비스까지!,롯데카드 온라인신청 특별혜택신규회원 연회비 100% 캐시백이벤트,공항라운지 무료 이용 서비스Mastercard Platinum 서비스,국내외 가맹점에서 최대 1.4% 할인할인한도 없이 0.7% 할인은 기본!,,,,,
카드의정석 UniMile,포인트/캐시백,UniMile 특별적립 1~3%,"국내 2만원, 해외 2만원",,UniMile 특별적립 1~3%UniMile 기본적립 0.7%,"해외, 면세점 UniMile 2%적립온라인여행사 UniMile 2%적립",국내 렌터카 UniMile 1% 적립초과 위탁수하물 5kg 무료 제공위탁수하물 우선 처리 서비스,국내외 공항라운지 무료 이용 서비스프리미엄 투어 서비스,"해외 박물관, 미술관 50% 청구할인","스타벅스,투썸플레이스 1천원 청구할인",주유업종 UniMile 1% 적립,
IBKhi카드,주유,"휘발유, 등유, 경유, LPG 포함!","국내 2천원, 해외 4천원",,"휘발유, 등유, 경유, LPG 포함!GS주유소 리터당 40원 할인!","패밀리 레스토랑 아웃백, 빕스 등10% 결제일 할인 제공!",레저전국 주요 놀이공원 최대 50% 할인,"SKT, KT, LG U+ 통신3사휴대폰 이용 금액 3% 할인!","지하철, 버스 등 최대 300원 할인철도, 고속버스, 택시 5% 할인","인터파크, 네이버영화 통해 예매시영화비 2,000원 할인!",,
삼성카드 스페셜마일리지,항공마일리지,모든가맹점 1천원당 1마일 적립,365일 24시간 발급!,"스카이패스 1천원당 최대 2마일적립아웃백 3만원할인, 마티나라운지 무료",모든가맹점 1천원당 1마일 적립할인점 1천원당 2마일 적립주유·커피 1천원당 2마일 적립,아웃백스테이크하우스 3만원 결제일할인,인천공항 마티나라운지 무료인천공항 발렛파킹 무료면세점·호텔·스파 등 아멕스 서비스,이마트·홈플러스 등 할인점1천원당 스카이패스 2마일리지 적립,S-OIL·GS칼텍스·SK에너지 등1천원당 스카이패스 2마일리지 적립,스타벅스·투썸플레이스·커피빈 등1천원당 스카이패스 2마일리지 적립,,
NH올원 Rental&코웨이카드,렌탈,매월 코웨이 렌탈료1~3만원 청구할인,"국내 1만원, 해외 1만2천원",,매월 코웨이 렌탈료1~3만원 청구할인,전국 주요 놀이공원 할인,,,,,,
1Q Special+ (원큐 스페셜플러스),쇼핑,지역쇼핑/주유 통합 월최대 4만 적립,해외 1만원,,지역쇼핑/주유 통합 월최대 4만 적립온라인쇼핑 월 최대 1만 머니 적립,지역쇼핑/주유 통합 월최대 4만 적립,교통/통신/자동이체 최대 1만 적립,자동이체/통신/교통 최대 1만 적립아파트관리비/4대보험 적립,"스타벅스, 커피빈 4천원 청구할인",국내 음식점 월 최대 5천원 청구할인해외 전 가맹점 최대 1만 머니 적립,통신/교통/자동이체 최대 1만 적립,주유/지역쇼핑 통합 최대 4만 적립
롯데백화점 FLEX 카드,포인트/캐시백,롯데백화점 FLEX 카드로,다양한 할인받고 나를 위한 FLEX!,한도없이 L포인트 0.5% 적립!스타벅스 50%·스트리밍 30% 할인,롯데백화점 FLEX 카드로국내외 가맹점 L포인트 0.5% 적립,롯데백화점 FLEX 카드로스트리밍 30% 결제일 할인문화업종 L.POINT 0.5% 적립,롯데백화점 FLEX 카드로카페 50% 결제일 할인카페업종 L.POINT 0.5% 적립,롯데백화점 FLEX 카드로롯데면세점 최대 15% 현장할인Mastercard World 서비스American ExpressPlatinum Elite 서비스,롯데백화점 FLEX 카드로쇼핑업종 L.POINT 0.5% 적립,롯데백화점 FLEX 카드로대형마트 L.POINT 0.5% 적립,롯데백화점 FLEX 카드로이동통신 L.POINT 0.5% 적립,롯데백화점 FLEX 카드로주유업종 L.POINT 0.5% 적립
우리카드 WON POINT AIR,포인트/캐시백,적립한도 없이 0.8% 기본 적립,쿠팡/배달의민족/넷플릭스 적립카드,디지털 생활 5% 적립온라인 쇼핑 3% 적립,적립한도 없이 0.8% 기본 적립전기차 충전 5% 적립,"멜론, 넷플릭스 정기결제 5% 적립",배달의민족 이용금액 5% 적립,스타벅스 사이렌오더 5% 적립카페 이용금액 1% 적립,온라인 쇼핑 3% 적립,대형마트 이용금액 1% 적립슈퍼마켓 이용금액 1% 적립,영화관 이용금액 1% 적립,대중교통 이용금액 1% 적립
신한카드 The Classic+,바우처,"쇼핑, 요식, 호텔 등 기프트옵션! ","국내 12만원, 해외 12만5천원, 가족 3만원",,"쇼핑, 요식, 호텔 등 기프트옵션! ","대한항공, 아시아나항공 마일리지 적립",GS칼텍스 리터당 40원 할인,"스타벅스 3,000원 할인!",공항 라운지 무료 이용 서비스!,제주JDC 면세점 8% 결제일 할인,,
삼성카드 BIZ LEADERS,언제나할인,국내외 가맹점 0.5% 결제일 할인,개인사업자라면 BIZ LEADERS!,4대 사회보험·손해보험 10% 할인4대보험 납부수수료 0.8% 할인!,국내외 가맹점 0.5% 결제일 할인,온라인쇼핑몰 3% 결제일할인,주유 3% 결제일할인,할인점 3% 결제일할인,4대 사회보험·손해보험 10% 할인4대 사회보험 납부대행수수료 할인세무지원 서비스,전기요금 10% 결제일할인,이동통신·인터넷 10% 결제일할인,
현대카드 대한항공카드 030,항공마일리지,웰컴보너스 3천 마일 적립,웰컴보너스 3천 마일 지급,모든 가맹점 1천원당 1마일 적립특정 업종 1천원당 2마일 적립,"웰컴보너스 3천 마일 적립1천원당 1마일, 최대 2마일 적립",항공/면세 1천원당 2마일 적립MasterCard 플래티넘서비스,국내 면세점 1천원당 2마일 적립,슈퍼콘서트 20% 할인현대카드 라이브러리 무료 입장,단 한번의 클릭으로 온라인 결제 완료대한항공 간편결제/현대카드 앱카드,,,
ALL MY POINT 카드,포인트/캐시백,1% 엘포인트 적립 서비스,L.POINT 연 최대 60만P 적립,쓸때마다 엘포인트 최대1.5% 적립!국내 가맹점 1% L.POINT 적립,1% 엘포인트 적립 서비스1.5% 엘포인트 '더' 적립 서비스,쇼핑 가맹점 1% L.POINT 적립,'더' 적립 서비스전국 마트 1.5% L.POINT적립,'더' 적립 서비스주유 1.5% L.POINT 적립,'더' 적립 서비스대중교통 1.5% L.POINT 적립,'더' 적립 서비스이동통신요금 1.5% L.POINT ,,
KB국민 스카이패스 티타늄카드,항공마일리지,국내외 가맹점 1천원당 1마일 적립,마일리지 적립부터 공항 라운지까지!,가맹점 1천원당 기본 1마일 적립해외/면세점 이용시 1마일 추가 적립,국내외 가맹점 1천원당 1마일 적립해외 이용 1천원당 1마일 추가 적립,면세점이용 1천원당 1마일 추가적립,"인천공항 라운지 무료이용인천공항, 국내호텔 발레파킹 서비스",,,,,
NH1961카드,포인트/캐시백,이용가맹점 0.7~0.9% 포인트적립,"국내 1만2천원, 해외 1만4천원",,이용가맹점 0.7~0.9% 포인트적립,온라인쇼핑 50% NH포인트 적립,스트리밍 20% NH포인트 적립,배달앱 10% 적립,국제공항 라운지 무료이용,,,
신한카드 Globus,언제나할인,해외 수수료 1.18% 할인,해외 결제 수수료 할인 카드,해외 수수료 1.18% 할인국내 이용 기본 0.7% 적립,해외 수수료 1.18% 할인,마이신한포인트 최대 1.7% 적립,,,,,,
Hole In : WON 우리카드,레저,골프 업종 5% 포인트 적립,"홀인원, 우리카드 골프혜택 특화 카드","골프 업종 이용금액 5% 적립골프연습장 타석권, 커피 무료 제공",골프 업종 5% 포인트 적립국내 지정 골프장 커피 무료 제공국내 지정 골프연습장 타석권 무료제공,"쿠팡,위메프,G마켓,11번가 1%적립","넷플릭스, 유튜브 프리미엄 1% 적립",전세계 공항라운지 무료 이용,S-OIL/현대오일뱅크 주유할인전기차 충전요금 10% 청구할인,커피전문점 10% 청구할인,,
L.CLASS L60카드(스카이패스형),항공마일리지,"1,500원당 1마일리지 적립","국내 59만5천원, 해외 60만원, 가족 10만원",,"1,500원당 1마일리지 적립",스페셜기프트 연 1회 제공(아래 3개 중 1개 선택),"롯데호텔, 롯데면세점, 골프프리미엄 서비스 제공",국내외 공항라운지 무료이용(LoungeKey 서비스)공항 내 다양한 특별 혜택,,,,
신한카드 LABE,레저,골프 기프트 옵션 연 1회(택1),"국내 19만7천원, 해외 20만원",,골프 기프트 옵션 연 1회(택1)1. 국내 골프장/연습장 5만원 할인2. 골프존 17만원 모바일상품권3. 부쉬넬 골프 거리측정기 할인권골핑 10%할인/배송비 2500원할인골프 레슨 10% 할인,대한항공/아시아나 기본 1마일 적립해외/골프 업종 최대 3마일 적립음식점/주유소 최대 2마일 적립,골프 커피or공항라운지 무료,배달의민족·쿠팡이츠 10% 할인,,,,
KB국민 코웨이Ⅱ카드,렌탈,코웨이 렌탈료 월최대 2만원 청구할인,코웨이 렌탈료 할인과 적립을 동시에!,코웨이 렌탈료 월최대 2만원 할인!코웨이 이용금액 최대 10% 적립!,코웨이 렌탈료 월최대 2만원 청구할인,코웨이 이용금액 연간리워드 적립,놀이공원 30~50% 현장할인,,,,,
인플카 현대카드,연회비지원,현대카드 온라인신청 스페셜 Offer,"신규회원, 1만원 캐시백 이벤트",생활 필수 영역 10% M포인트 적립인플카 전용 혜택 이용 가능,현대카드 온라인신청 스페셜 Offer,배달의 민족·요기요·쿠팡이츠,CU·GS25·세븐일레븐·이마트24,시내버스·지하철·택시요금,통신요금 정기 결제 시,,,
신한카드 RPM+,연회비지원,신규 고객 연회비 100% 캐시백!,365일 야간에도 주말에도 빠르게!,모든 주유소 리터당 최대 150P적립신규 고객 연회비 100% 캐시백,신규 고객 연회비 100% 캐시백!신규 회원이면 누구나 참여 가능!,모든 주유소 리터당 40~150P적립모든 충전소 리터당 10~50P 적립,"인천공항 발렛파킹 무료 서비스전국 40개 호텔 레스토랑,객실 할인인천공항 무료 커피, 레스토랑 할인1일 무료 주차 서비스",롯데/현대백화점 이용금액 1~5%적립홈쇼핑/온라인몰 이용금액 1~5%적립,전국 차량정비소/타이어샵 1~5%적립,롯데마트/이마트/홈플러스 1~5%적립,택시 이용금액 1~5% 포인트 적립,전국 편의점 1~5% 포인트 적립
현대카드 대한항공카드 150,항공마일리지,웰컴보너스 5천+5천 마일리지 바우처,웰컴보너스 5천 마일 지급,"매년 5천 마일리지 바우처 제공1천원당 1마일, 최대 3마일 적립","웰컴보너스 5천+5천 마일리지 바우처1천원당 1마일, 최대 3마일 적립해외/면세 1천원당 2마일 적립호텔/백화점/골프 1천원당 2마일적립항공/기내면세 1천원당 3마일 적립","MasterCard 프리미엄서비스항공 5만원, 기내면세 2만원 할인마티나 골드 라운지 무료 이용공항/호텔 발레파킹 무료 이용특수 소재 플레이트 발급",백화점/면세점 1천원당 2마일 적립,"커피전문점 스타벅스, 폴바셋, 이디야결제 건당 500원 할인",서울 및 대도시 주말 무료 주차,마일리지/항공권/면세점 바우처,골프장 1천원당 2마일 적립,슈퍼콘서트 20% 할인현대카드 라이브러리 무료 입장
현대카드 MX Black,포인트/캐시백,모든 가맹점 1% M포인트 기본 적립,"국내 15만원, 해외 15만원, 가족겸용 없음",,"모든 가맹점 1% M포인트 기본 적립MX Black Zone 10% 할인Shopping Zone(온라인몰등)F&D Zone(배달앱,커피)Mobility Zone(주유교통등)",VISA/MasterCard 플래티넘국내 특급호텔 객실 및 F&B 할인특급호텔·인천공항무료 발레파킹면세점 할인렌터카 서비스,GS칼텍스 리터당 80 M포인트 적립,,,,,
NH올원 쇼핑&TLC카드,렌탈,TLC 라이트할부 서비스,"국내 1만3천원, 해외 1만5천원",,TLC 라이트할부 서비스TLC 라이트할부 할인서비스TLC 렌탈료 자동이체 할인서비스,"에버랜드,롯데월드,서울랜드 50%할인","스타벅스, 이디야 10% 청구할인주요 베이커리/아이스크림 청구할인",CGV 1천원 청구할인,,,,
NH농협 올바른OIL카드,주유,주유시 L당 100~150원 청구할인,해외 1만5천원,,주유시 L당 100~150원 청구할인주유 할인 연계 NH포인트 자동사용,스타벅스/이디야 10% NH포인트적립,"CU, GS25 5% NH포인트 적립","버스,지하철,택시 5% NH포인트적립",카카오T대리 10% NH포인트적립오토 오아시스 차량 경정비 현장 할인,,,
카드의정석 APT,관리비,아파트관리비 5천~15천원 청구할인,"국내 1만5천원, 해외 1만5천원",,아파트관리비 5천~15천원 청구할인도시가스 자동납부 3천원 청구할인,유튜브 프리미엄 정기권 30%청구할인넷플릭스 정기권 30% 청구할인,,,,,,
THE iD. TITANIUM (포인트),바우처,기프트 서비스 (택 2),지극히 사적인 프리미엄,5가지 기프트서비스 택2한도없이 이용금액 1.5%빅포인트적립,기프트 서비스 (택 2) ,국내외 공항 라운지 무료 서비스VISA 프리미엄 서비스국내 특급 호텔 발렛파킹 서비스인천/김포공항 발렛파킹 서비스Dining Privilege 서비스특수 소재 카드,국내 가맹점 1.2% 빅포인트 적립특별 가맹점 1.5% 빅포인트 적립,"라이프스타일 50,000원 할인","라이프스타일 50,000원 할인","라이프스타일 50,000원 할인",,
NH농협 쏠쏠카드(SolSol),레저,종합스포츠센터/요가 12% 청구할인,해외 1만2천원,,종합스포츠센터/요가 12% 청구할인,반려동물 업종 12% 청구할인,CGV 10% 청구할인,"스타벅스, 이디야 10% 청구할인주요 베이커리 10% 청구할인",주요 편의점 5% 청구할인,"SK에너지, NH오일 5% 청구 할인",버스/지하철 5% 청구할인,인터넷 쇼핑 3% 청구할인
신한카드 YOLOⓘ,연회비지원,신규 고객 연회비 100% 캐시백!,할인율을 내 마음대로 최대 20%할인,"스타벅스, 쿠팡, CGV 최대 20%6개 선택처 10~20% 할인율 선택",신규 고객 연회비 100% 캐시백!신규 회원이면 누구나 참여 가능!,택시 이용금액 최대 20% 할인혜택과 할인율을 내맘대로 선택!,"CGV, 롯데시네마 최대 20% 할인혜택과 할인율을 내맘대로 선택!",CU·GS25·세븐일레븐 최대 20%혜택과 할인율을 내맘대로 선택!,티몬·쿠팡 최대 20% 할인혜택과 할인율을 내맘대로 선택!,스타벅스·커피빈 최대 20% 할인파리바게뜨·뚜레쥬르 최대 20% 할인,,
신한카드 핏(Fit),연회비지원,신규 고객 연회비 100% 캐시백!,"국내 1만5천원, 해외 1만8천원신규 회원 최대 1만8천원 지급",,신규 고객 연회비 100% 캐시백!신규 회원이면 누구나 참여 가능!,영역별 5회 이용 시 마다 스탬프적립모든 영역 스탬프 적립 시 추가포인트Flex 영역 10% 적립Flex 영역 적립 한도 업그레이드,,,,,,
CLUB PREMIER 카드 [Travel],프리미엄,국내 6대 저가항공 50% 청구할인,"해외 20만원, 가족 4만5천원",,국내 6대 저가항공 50% 청구할인전 세계 제휴 라운지 무료 입장국제 브랜드 서비스,국내 면세점 업종 20% 청구할인,택시 업종 20% 청구할인,"스타벅스, 커피빈 20% 청구할인",국내외 최대 1.5% 하나머니 적립,,,
Mile 1.6 대한항공,항공마일리지,"1,500원당 최대 1.8 마일 적립","해외 4만5천원, 가족 1만원",,"1,500원당 최대 1.8 마일 적립HANA Mile 사용HANA Mile 결제 대금 차감",스타벅스 4천원 청구할인,"CGV, 롯데시네마 4천원 청구할인",,,,,
SK매직 하나카드,렌탈,SK매직 렌탈요금 1만3천원 청구할인,"국내 1만2천원, 해외 1만2천원, 가족겸용 없음",,SK매직 렌탈요금 1만3천원 청구할인,대형마트 이용금액 3% 청구할인,커피빈 10% 청구할인,,,,,
I’m WONDERFUL PLUS 카드,언제나할인,발급 첫 해 기본 0.7% 할인!,24시간 온라인 간편발급,한도제한 없이 최대 0.7% 기본할인10만원 이상 결제시 최대1.4%할인,발급 첫 해 기본 0.7% 할인!10만원 이상 결제시 최대1.4%할인,발급 첫 해 실적 부담없이모든 주유소 최대 1.4% 할인,"발급 첫 해 실적 부담없이CU, GS25 등 최대 1.4%할인",발급 첫 해 실적 부담없이모든 육아가맹점 최대 1.4% 할인,발급 첫 해 실적 부담없이모든 교육가맹점 최대 1.4% 할인,발급 첫 해 실적 부담없이모든 오토가맹점 최대 1.4% 할인,발급 첫 해 실적 부담없이모든 금융가맹점 최대 1.4% 할인,발급 첫 해 실적 부담없이모든 문화가맹점 최대 1.4% 할인
LOCA MONEY (로카 머니),포인트/캐시백,국내외 가맹점에서,한도 제한없이 최대2% 로카코인 적립,국내외 가맹점 최대2% 로카코인 적립결제대금납부 가능한 로카코인 적립혜택,"국내외 가맹점에서한도 제한 없이 로카로인 적립기본적립 1%, 특별적립 2% 까지!로카코인 사용 안내",LOCA 카드 온라인신청 특별혜택신규회원 연회비 100% 캐시백이벤트,,,,,,
CU·배달의민족 삼성카드 taptap,외식,"배달의민족 2,000원 결제일할인","배달의민족, CU 할인카드 추천",CU·배달의민족 월 최대 1만원할인대중교통 월 최대 6천원 결제일할인,"배달의민족 2,000원 결제일할인음식점·주점 1,000원 결제일할인","CU 1,500원당 200원 할인","대중교통 1,000원당 100원 할인",,,,,
NU Biz,포인트/캐시백,BASIC – 0.5% 포인트 적립,개인사업자 포인트적립 특화카드,외식/쇼핑/대형할인점 5% 적립정기결제/렌탈 업종 5% 적립,BASIC – 0.5% 포인트 적립OWNER - 5% 포인트 적립캐시노트 고급형(유료) 정기결제서비스,OPERATION 5% 포인트적립,PREMIUM,PREMIUM무이자할부 서비스개인사업자부가세 환급지원전자세금계산서 발행매출/매입 통합관리세무 통합관리세무상담서비스 이용방법,,,,
현대카드 대한항공카드 the First,항공마일리지,"웰컴보너스 1만 5천, 바우처 별도",웰컴보너스 1만 5천 마일 지급,"1천원당 1마일, 최대 5마일 적립항공권 최대 10만원 할인","웰컴보너스 1만 5천, 바우처 별도1천원당 1마일, 최대 5마일 적립해외/면세 1천원당 3마일 적립호텔/백화점/골프 1천원당 3마일적립항공/기내면세 1천원당 5마일 적립",MasterCard 프리미엄서비스항공권 최대 10만원 할인기내면세 최대 2만원 할인마티나 골드/해외 라운지 무료 이용스페셜 바우처공항/호텔 발레파킹 무료 이용특수 소재 플레이트 발급골프장 1천원당 3마일 적립,백화점/면세점 1천원당 3마일 적립,서울 및 대도시 주말 무료 주차,슈퍼콘서트 20% 할인현대카드 라이브러리 무료 입장,"커피전문점 스타벅스, 폴바셋, 이디야결제 건당 500원 할인",단 한번의 클릭으로 온라인 결제 완료대한항공 간편결제/현대카드 앱카드,골프장 1천원당 2마일 적립
현대백화점 FIT카드,쇼핑,현대백화점 5% 할인,"국내전용 없음, 해외겸용 없음, 가족겸용 없음",,현대백화점 5% 할인H.Point 최대6만포인트 추가적립현대백화점 2시간 무료주차권 제공무이자할부혜택(명품브랜드최대12개월),,,,,,,
쿠쿠 프리멤버쉽 하나카드,렌탈,쿠쿠 렌탈요금 월 1만 3천원 할인,"해외 1만2천원, 가족겸용 없음",,쿠쿠 렌탈요금 월 1만 3천원 할인,"이마트, 홈플러스, 롯데마트 3%할인",커피빈 이용금액 10% 할인,,,,,
L.CLASS L60카드(L.POINT형),포인트/캐시백,L.POINT 1% 적립,"국내 59만5천원, 해외 60만원, 가족 10만원",,L.POINT 1% 적립,스페셜기프트 연 1회 제공(아래 3개 중 1개 선택),"롯데호텔, 롯데면세점, 골프프리미엄 서비스 제공",국내외 공항라운지 무료이용(LoungeKey 서비스)공항 내 다양한 특별 혜택,,,,
카드의정석 댕댕냥이,연회비지원,온라인 신규 연회비 100% 캐시백,"국내 1만원, 해외 1만2천원신규 회원 최대 1만2천원 지급",,온라인 신규 연회비 100% 캐시백,온라인 쇼핑 10% 청구할인오프라인 쇼핑 10% 청구할인쇼핑할인의 정석 월 할인한도,4대 PAY 5% 추가 청구할인,해외 이용금액 1% 청구할인국내외 공항라운지 무료 이용 서비스,4대주유소 주말에 리터당60원청구할인,"스타벅스, 폴바셋 10% 청구할인",,
신한카드 Air One,항공마일리지,"국내외 1,000원당 1마일 기본적립",월 적립 한도 없이 마일리지 적립!,대한항공 1천원당 기본 1마일 적립국내 항공·면세/해외 이용금액 2배!,"국내외 1,000원당 1마일 기본적립국내 항공/면세업종 이용시 2배 적립해외 이용금액 1,000원당 2마일",신라면세점 전용앱 더 심플 이용시이용금액 1천원당 1마일 추가 적립,,,,,,
CLUB Primus Skypass,항공마일리지,항공 마일리지 적립,"해외 10만원, 가족 3만원",,항공 마일리지 적립SK 주유소 리터당 3마일 적립,Free package (택1),호텔 식음매장 10% 현장할인 서비스Smarⓣ 여행서비스,H패션몰(온라인) 20% 현장할인,택시 10% 청구할인 서비스,엔진오일교환(ZIC-A) 현장할인 ,,
NH20 해봄카드,프리미엄,[여행해봄],해외 1만원,,[여행해봄]인천 공항라운지 무료이용 서비스,[놀이해봄]전국 놀이공원 최대 50% 현장할인,"온라인 쇼핑몰 10% 청구할인어플리케이션 2,000원 청구할인해외 전가맹점 이용금액 2% 청구할인","온라인서점, 어학시험 10% 청구할인인터넷/모바일 교육콘텐츠 서비스 제공","CGV온라인예매 2,000원 청구할인","이동통신 4,000원 청구할인",스타벅스/이디야 커피 30% 청구할인,GS25 5% 청구할인GS리테일 POP 서비스
그랑블루 1st,바우처,프리미엄 기프트 서비스(5만원상당),"국내 10만원, 해외 10만원, 가족 3만원",,프리미엄 기프트 서비스(5만원상당),그랑블루 1st 포인트 적립 서비스보너스 포인트 추가 적립,그랑블루 1st 프리미엄 서비스전세계 공항 라운지 무료 이용 서비스국내 지정 골프장 무료 커피 제공국내 지정 골프연습장 무료 제공,SK 주유시 리터당 60원 청구할인,여행 지원 서비스,개인사업자 Win-Tax 서비스,,
신한카드 B.Big(삑),연회비지원,신규 고객 연회비 100% 캐시백!,대중교통 일 최대 600원 할인!,대중교통 할인 월 최대 3만 3천원!택시부터 쇼핑까지 Big하게 할인!,신규 고객 연회비 100% 캐시백!신규 회원이면 누구나 참여 가능!,"버스, 지하철 일 최대 600원 할인택시, KTX 이용금액 10% 할인",편의점 이용금액 5% 할인,롯데·현대·신세계·갤러리아 5% 할인,CGV 영화 예매 최대 4천원 할인인터파크 예매 3천원 할인,"전기요금, 통신요금 5% 캐시백 제공","SKT,KT,LG 자동이체 5% 할인",스타벅스/커피빈 등 카페 10% 할인
모두의 건강,외식,저녁식사 5% 하나머니 적립,"국내 1만5천원, 해외 1만5천원",,저녁식사 5% 하나머니 적립,대형마트 5% 하나머니 적립,커피 5% 하나머니 적립,온라인 5% 하나머니 적립,골프/레저 5% 하나머니 적립,병원 5% 하나머니 적립,,
Diners Club MILEAGE,항공마일리지,항공마일리지,다이너스카드의 재탄생,전세계 주요 공항라운지 무료이용!이용금액 1천원당 최대 2마일 적립,"항공마일리지국내 가맹점 1마일 적립해외, 면세점 2마일 적립보너스 마일리지 5,000마일 적립",프리미엄 기프트공항 라운지 무료이용권 8매프리미엄여행 할인권 20만원신세계 상품권 모바일 교환권 20만원신라면세점선불카드 20만원권 교환쿠폰우리WON꿀머니 20만점유의사항프리미엄 기프트 신청방법 ,국내 공항라운지 무료 이용해외 공항라운지 무료 이용라운지 이용방법K리무진 버스 무료 이용,"통합 월 1회, 연 4회 제공국내 지정 골프장 커피 무료 제공국내 지정 골프장 타석권 무료 제공",,,,
신한카드 Deep Once Plus,연회비지원,신규 고객 연회비 100% 캐시백!,관리비 렌탈료 포인트 적립 카드,"공과금, 렌탈 월납결제 포인트 적립카페, 편의점 등 생활 추가혜택까지",신규 고객 연회비 100% 캐시백!신규 회원이면 누구나 참여 가능!,"공과금 납부 연간 최대 21만P 적립월 최대 6,000포인트 적립","넷플릭스,멜론 등 연 최대21만P적립월 최대 6,000포인트 적립","카페,편의점, 해외 연 최대9만P적립월 최대 3,000포인트 적립","렌탈비 연간 최대 42만P 적립월 최대 7,000포인트 적립",,,
삼성카앤모아카드,주유,모든주유소 리터당 60원 할인,모든 주유소에서 주유혜택!,주유소 60원/L할인에 포인트자동결제전가맹점 주유포인트 최대 0.4%적립,모든주유소 리터당 60원 할인주유포인트 0.2%·0.4% 적립,엔진오일 교환시 1만5천원 현장할인프라이버시콜(안심주차번호서비스) 무료,CGV 동반 1인 50% 현장할인,"스타벅스 1,000원 결제일할인",,,,
신한카드 구독 좋아요,문화,디지털 구독 이용금액 100% 할인,"국내 1만5천원, 해외 1만8천원",,디지털 구독 이용금액 100% 할인,디지털 구독 이용금액 100% 할인생활서비스 10% 결제일 할인,정기결제 자동이체 건별 1천원 할인,정기결제 자동이체 건별 1천원 할인,생활서비스 10% 결제일 할인,생활서비스 10% 결제일 할인,생활서비스 10% 결제일 할인,생활서비스 10% 결제일 할인
현대카드 대한항공카드 070,항공마일리지,웰컴보너스 5천 마일 적립,웰컴보너스 5천 마일 지급,모든 가맹점 1천원당 1마일 적립특정 업종 1천원당 2마일 적립,"웰컴보너스 5천 마일 적립1천원당 1마일, 최대 2마일 적립",항공/면세 1천원당 2마일 적립MasterCard 플래티넘서비스인천공항 라운지 연 2회 무료 이용,국내 면세점 1천원당 2마일 적립,서울 및 대도시 주말 무료 주차,"커피전문점 스타벅스, 폴바셋, 이디야결제 건당 500원 할인",단 한번의 클릭으로 온라인 결제 완료대한항공 간편결제/현대카드 앱카드,슈퍼콘서트 20% 할인현대카드 라이브러리 무료 입장,
ALL MY LIVING 카드,관리비,월납 생활비 5% 할인 서비스,연간 최대 54만원 할인 혜택!,"생활비 절감 맞춤 카드 혜택!통신,교통,교육,주거비 5% 할인!","월납 생활비 5% 할인 서비스아파트관리비, 도시가스비,전기료 할인","일상 생활비 5% 할인 서비스병원, 약국 결제 금액 할인",주말 생활비 5% 할인 서비스식료품 장보기 결제 금액 할인,월납 생활비 5% 할인 서비스교육비 결제 금액 할인,일상 생활비 5% 할인 서비스교통비 결제 금액 할인,월납 생활비 5% 할인 서비스통신비 결제 금액 할인,일상 생활비 5% 할인 서비스편의점 결제 금액 할인,
NH농협 올바른POINT UP+ 카드,포인트/캐시백,적립한도없이 0.7~2.2%포인트적립,해외 2만3천원,,적립한도없이 0.7~2.2%포인트적립,국제브랜드 프리미엄 서비스 제공,이체수수료 통합 월 10회 면제,,,,,
신한카드 Deep Once,연회비지원,신규 고객 연회비 100% 캐시백!,관리비 렌탈료 포인트 적립 카드,"월납, 렌탈료 연 최대 64만P 적립넷플릭스,멜론 등 정기결제 포인트적립",신규 고객 연회비 100% 캐시백!신규 회원이면 누구나 참여 가능!,"공과금 납부 연간 최대 21만P 적립월 최대 6,000 포인트 적립","넷플릭스,멜론 등 연 최대21만P적립월 최대 6,000포인트 적립","렌탈서비스 연간 최대 42만P 적립월 최대 7,000 포인트 적립",,,,
NH농협 콕카드,대중교통,B - 도시형 카드 혜택,해외 1만2천원,,"B - 도시형 카드 혜택버스,지하철등 대중교통 10%청구할인",B - 도시형 카드 혜택주요 커피전문점 10% 청구할인,B - 도시형 카드 혜택,A - 농촌형 카드 혜택주유소 10% 청구 할인,"A, B형 통합 서비스주요 이동통신 10% 청구 할인",B - 도시형 카드 혜택대형마트 10%청구할인,A - 농촌형 카드 혜택 병의원 및 약국 10% 청구 할인,
NH농협 온플래티늄(ON Platinum)카드(포인트),포인트/캐시백,기본적립: 0.8% NH포인트 적립,"국내 11만8천원, 해외 11만8천원",,기본적립: 0.8% NH포인트 적립더블적립: 1.6% NH포인트 적립보너스 포인트 적립,더블적립: 온/오프라인 쇼핑 1.6% NH포인트 적립,더블적립: 스타벅스1.6% NH포인트 적립,더블적립: 구독서비스1.6% NH포인트 적립,더블적립: 배달의 민족1.6% NH포인트 적립,더블적립: 골프장1.6% NH포인트 적립,전 세계 공항 라운지 무료 이용국제 브랜드 프리미엄 서비스 제공,
KB국민 U+ 알뜰모바일카드,통신,"최대 17,000원 할인!",365일 24시간 언제나 발급,"최대 17,000원 할인!U+ 알뜰모바일 통신료","최대 17,000원 할인!U+ 알뜰모바일 통신료",,,,,,,
신한카드 알뜰More(알뜰모아),통신,알뜰폰 통신비 최대 1만 5천원 할인,"국내 2만원, 해외 2만3천원",,알뜰폰 통신비 최대 1만 5천원 할인,,,,,,,
IBK i-ALL 카드,언제나할인,ALL 영역,"국내 1만4천원, 해외 1만5천원, 가족겸용 없음신규 회원 최대 1만5천원 지급",,ALL 영역,LIVING 영역,LIVING 영역,LIVING 영역,LIVING 영역,LIVING 영역,LIVING 영역,LIVING 영역
신한카드 Unboxing,연회비지원,신규 고객 연회비 100% 캐시백!,쇼핑 혜택 연간 최대 84만원 캐시백,"온오프라인 구분없이 쇼핑 10%캐시백배송비, 온라인몰 월회비 할인까지",신규 고객 연회비 100% 캐시백!신규 회원이면 누구나 참여 가능!,쇼핑 10% 캐시백 서비스언박싱 스페셜 할인 서비스,"이마트, 홈플러스, 롯데마트대형마트 이용금액 10% 현금 캐시백","CU, GS25, 세븐일레븐 편의점 이용금액 10% 현금 캐시백",카페노티드 10% 캐시백 서비스,,,
NH농협 올바른NEW HAVE 카드,포인트/캐시백,기본적립: 0.7% NH포인트적립 ,"국내 1만2천원, 해외 1만2천원",,기본적립: 0.7% NH포인트적립 스마트적립: 0.7/1.4%추가적립,스마트적립 ①영역: 온라인쇼핑/배달앱스마트적립 ②영역: 오프라인쇼핑/잡화,스마트적립 ①영역: 온라인쇼핑/배달앱,스마트적립 ②영역: 오프라인쇼핑/잡화,스마트적립 ③영역: 이동통신 / 구독,스마트적립 ③영역: 이동통신 / 구독,스마트적립 ⑤영역: 커피/편의점,스마트적립 ④영역: 대중교통 / 택시
기업은행 Oil & Life카드(Life),주유,"휘발유, 등유, 경유, LPG 포함","국내 5천원, 해외 1만원",,"휘발유, 등유, 경유, LPG 포함GS칼텍스 리터당 60원 할인","CGV, 롯데시네마영화 2천원 현장할인!","캐리비안베이, 롯데월드, 에버랜드 등전국 놀이공원 최대 50% 할인","통신사3사 SKT, KT, LGT휴대폰 이용금액 3% 할인",외식/커피 업종 10% 할인,autoOasis정비 최대 2만원할인,Prime 서비스알뜰쿠폰365쿠폰Life Prime 서비스 이용방법Oil PrimeOil Prime 서비스 이용방법,
삼성카드 taptap I,프리미엄,라이프스타일 패키지 (일상·여가),마켓컬리 20% 결제일할인,"마켓컬리 20%, 커피·제과점 할인일상 속 매월 최대 4만6천원 할인",라이프스타일 패키지 (일상·여가)해외 공항 라운지 무료,"KTX, SRT등 3만원당 5천원할인",해외·여행 3% 할인 (해외겸용)여행 3% 할인 (국내전용),10대 커피전문점·제과점 30% 할인,"모든 영화관 6,000원 할인","마켓컬리, 음식점 20% 할인슈퍼마켓·아울렛·백화점 등 3%할인","동물병원 10,000원 할인","서점·인터파크티켓 10,000원 할인"
NH농협 올바른BAZIC+ 카드,언제나할인,할인한도 없이 0.7~1.4% 할인,해외 2만5천원,,할인한도 없이 0.7~1.4% 할인,온라인쇼핑 1.4~2.1% 청구할인,주유 1.4~2.1% 청구할인,대형마트·백화점1.4~2.1%청구할인,의료 1.4~2.1% 청구할인,국제브랜드 프리미엄 서비스 제공,,
모두의 쇼핑,쇼핑,온라인쇼핑 10% 적립,"국내 1만5천원, 해외 1만5천원",,온라인쇼핑 10% 적립아울렛 쇼핑 5% 적립,"이마트,홈플러스,롯데마트 5% 적립신세계,롯데,현대 백화점 5% 적립이케아 5% 적립",,,,,,
LOCA LIKIT Play,연회비지원,롯데카드 온라인신청 특별 혜택,신규 발급 100% 연회비 캐시백!,주유·영화·스트리밍 60% 할인60% 할인받으면서 Play!,롯데카드 온라인신청 특별 혜택신규회원 연회비 100% 캐시백이벤트,LOCA LIKIT Play로영화관 60% 결제일 할인,LOCA LIKIT Play로스트리밍 60% 결제일 할인,LOCA LIKIT Play로쇼핑 멤버십 60% 결제일 할인,LOCA LIKIT Play로주유소 60% 할인,,,
IKEA Family with 신한카드,쇼핑,IKEA 매장 10% 결제일 할인,이케아 매장 10% 결제일 할인!,"이케아 10%할인, 푸드 15%할인백화점/아울렛/편의점/영화 5%할인",IKEA 매장 10% 결제일 할인IKEA 푸드 15% 결제일 할인롯데·현대·신세계백화점 5% 할인프리미엄 아울렛 5% 결제일 할인,이마트·홈플러스·롯데마트 5% 할인,GS25·CU·세븐일레븐 5% 할인,롯데시네마·CGV 5% 결제일할인,이디야·스타벅스 5% 할인,이동통신요금 5% 할인,,
아메리칸 엑스프레스 블루,편의점,편의점 7% 멤버십리워즈 적립,편의점·배달앱 등 일상 속 혜택카드!,"편의점·배달앱7%적립, 스벅20%할인온라인 간편결제·해외 등 1.5%적립",편의점 7% 멤버십리워즈 적립,배달앱 7% 멤버십리워즈 적립,교통 5% 멤버십리워즈 적립,통신 5% 멤버십리워즈 적립,프리미엄 아울렛·트렌디패션·해외1.5% 멤버십리워즈 적립,삼성 페이 등 온라인 간편결제1.5% 멤버십리워즈 적립,스타벅스·이디야커피 20% 결제일할인,스트리밍 20% 결제일할인
신한카드 Deep Making,연회비지원,신규 고객 연회비 100% 캐시백!,원하는 적립율로 월 최대 5만 포인트,혜택도 적립율도 내맘대로 DIY17개 영역，17% 적립율 맞춤 선택,신규 고객 연회비 100% 캐시백!신규 회원이면 누구나 참여 가능!,"혜택에 맞춰 총 포인트 적립 17% 쇼핑,여행,푸드,생활 다양한 적립혜택",스타벅스·커피빈 등 최대 5% 적립베이커리 최대 5% 포인트 적립,항공권 결제 최대 5% 적립해외 일시불 결제 최대 5% 적립,통신사 자동이체 최대 5% 포인트적립,GS25·CU 등 최대 5% 적립,주유소·충전소 최대 5% 포인트 적립,주요 백화점 최대 5% 포인트 적립대형마트 최대 5% 포인트 적립홈쇼핑 최대 5% 포인트적립G마켓·옥션·11번가 최대 5% 적립소셜커머스 최대 5% 포인트 적립패션·뷰티 최대 5% 포인트 적립
신한카드 플리,연회비지원,신규 고객 연회비 100% 캐시백!,전 가맹점 혜택부터 매주 할인쿠폰까지,전가맹점 최대 0.9% 결제일 할인월 최대 6천원 할인 쿠폰 제공,신규 고객 연회비 100% 캐시백!신규 회원이면 누구나 참여 가능!,국내 이용금액 최대 0.9% 할인해외 이용금액 0.5% 결제일 할인매월 6천원 할인 쿠폰 제공 서비스,마이신한포인트 월 최대 3천P 적립,,,,,
하나 BC 그린카드 [전국형],언제나할인,국내 가맹점 0.2%~0.8% 적립,"국내전용 없음, 해외겸용 없음",,국내 가맹점 0.2%~0.8% 적립2~3개월 무이자 할부,"가장 많이 쓴 2개 업종 5배 적립녹색매장,에코머니가맹점 이용 시 적립","버스, 지하철 10%~20% 적립KTX, 고속버스 5% 적립","전국문화,레저시설 무료입장 또는 할인","전기,수도,가스절약 시 포인트 적립",,,
L.CLASS L60 카드 (아시아나클럽형),항공마일리지,"1,000원당 1마일리지 적립","국내 59만5천원, 해외 60만원, 가족 10만원",,"1,000원당 1마일리지 적립",스페셜기프트 연 1회 제공(아래 3개 중 1개 선택),"롯데호텔, 롯데면세점, 골프프리미엄 서비스 제공",국내외 공항라운지 무료이용(LoungeKey 서비스)공항 내 다양한 특별 혜택,,,,
아메리칸 엑스프레스 리저브,바우처,메탈 플레이트 무료 제공, 365일 24시간 발급!,"메탈플레이트 기본 제공 기프트국내 1%, 온라인쇼핑 추가 4%적립",메탈 플레이트 무료 제공,국내외가맹점 1% 멤버십리워즈 적립온라인쇼핑·해외 추가 4% 적립 ,배달의민족·쉐이크쉑·써브웨이 등Food 영역 30% 할인,스타벅스·커피빈·블루보틀 등Coffee 영역 30% 할인,CGV·넷플릭스·웨이브 등Movie 영역 30% 할인,,,
NH농협 올바른BAZIC 카드,언제나할인,할인한도 없이 0.7~1.2% 할인,해외 1만4천원,,할인한도 없이 0.7~1.2% 할인,국제공항 라운지 무료이용,,,,,,
홈플러스 삼성카드,대형마트,홈플러스 최대 5% 결제일할인,홈플러스 월 최대 3만원 결제일할인,홈플러스 최대 5% 결제일할인GS칼텍스 리터당 80원 결제일할인,홈플러스 최대 5% 결제일할인,의료비 5% 결제일할인,GS칼텍스 리터당 80원 결제일할인,,,,,
요기요 삼성카드,외식,요기요 최대 10% 결제일할인,365일 24시간 발급!,요기요 월 최대 2만원 결제일할인커피·편의점·생활잡화 5% 결제일할인,요기요 최대 10% 결제일할인,커피전문점 5% 결제일할인,편의점 5% 결제일할인,생활잡화 5% 결제일할인,스트리밍 10% 결제일할인,,,
신한카드 Puzzle,연회비지원,신규 고객 연회비 100% 캐시백!,"국내 1만5천원, 해외 1만8천원신규 회원 최대 1만8천원 지급",,신규 고객 연회비 100% 캐시백!신규 회원이면 누구나 참여 가능!,마이신한포인트 기본 0.6% 적립간편결제 이용 시 0.1% 추가 적립선택 서비스팩에서 0.1% 추가 적립기본 서비스팩 4개 중 1개 혜택적용,신한카드 오픈 뱅킹 서비스전월 이용금액 이월 서비스선택 서비스팩 최대 2개 이용가능,"멜론, 넷플릭스, 유튜브 20% 적립패스트캠퍼스, 클래스101 20%적립","로켓와우, 플러스멤버십 20% 적립쿠팡, 무신사, 마켓컬리 10% 적립반려동물 용품샵 20% 적립","배민,요기요,쿠팡이츠 5% 적립",4대 주유소 10% 적립전기차 충전소 30% 적립,"택시, 지하철, 버스 10% 적립"
NH농협 올바른OIL&PASS 카드,주유,전국주유소/LPG충전소 5% 청구할인,"국내 1만3천원, 해외 1만5천원",,전국주유소/LPG충전소 5% 청구할인[BEST OIL 팩][SMART PASS 팩],스피드메이트 엔진오일·와이퍼 무료교환[BEST OIL 팩],버스/지하철/택시/철도 7% 청구할인[SMART PASS 팩][BEST OIL 팩],"편의점 1,000원 청구할인[공통 서비스]","커피전문점 2,000원 청구할인[공통 서비스]",[SMART PASS 팩],[SMART PASS 팩],[SMART PASS 팩]
Smart Any (스마트애니),간편결제,1Q Pay 이용시 온라인 추가 할인,온라인 신청 전용 상품,온라인 결제 시 최대 1.4% 할인전국 어디서나 0.8% 할인,1Q Pay 이용시 온라인 추가 할인,모든 가맹점 0.8% 청구 할인온라인 가맹점 최대1.4% 청구 할인,온라인 가맹점 최대1.4% 청구 할인,,,,,
신한카드 B.Big(마이펫 스노우볼),대중교통,"버스, 지하철 일 최대 600원 할인",대중교통 일 최대 600원 할인!,"교통비 할인 월 최대 3만3천원!택시, 쇼핑, 카페까지 Big 할인","버스, 지하철 일 최대 600원 할인택시, KTX 이용금액 10% 할인",롯데·현대·신세계·갤러리아 5% 할인,편의점 이용금액 5% 할인,스타벅스/커피빈 등 카페 10% 할인,CGV 영화 예매 최대 4천원 할인인터파크 예매 3천원 할인,"전기요금, 통신요금 5% 캐시백 제공","SKT,KT,LG 자동이체 5% 할인",
NH농협 위카드,포인트/캐시백,연간이용금액에 따라 매년 1회 캐시백,바우처 서비스는 매년 1회 택1입니다,전가맹점 최대 1.2% 적립보너스 캐시백에 바우처 서비스까지!,"연간이용금액에 따라 매년 1회 캐시백전 가맹점, 온라인, 해외 적립!",혜택 별 바우처 총 8종 중 택 1매년1회 최대 18만원 상당의 바우처,국내·외 공항 라운지 무료 이용국제 브랜드 프리미엄 서비스,,,,,
New PAYCO 롯데카드,간편결제,PAYCO 가맹점에서,연 최대 120만 페이코포인트 적립!,PAYCO로 결제하면 최대 3% 적립일반 결제 시에도 최대 0.7% 적립,PAYCO 가맹점에서PAYCO로 결제 시 최대 3%,국내외 온오프라인 가맹점에서일반결제 시 최대 0.7%,,,,,,
I’m Powerful 카드,의료,"종합병원, 일반병원, 한방병원",24시간 온라인 간편발급,"슈퍼, 병원, 카페 최대 2% 할인통신, 대중교통 최대 5% 할인","종합병원, 일반병원, 한방병원최대 2% 할인",슈퍼 최대 2% 할인,커피전문점 최대 2% 할인,편의점 최대 2% 할인,"SKT, KT, LG U+이동통신요금 최대 5% 할인","지하철, 시내버스 최대 5% 할인",월 할인한도 제한 없이국내외 가맹점 0.5% 할인 ,
삼성 iD NOMAD 카드,바우처,기프트 서비스 (연3회),여행/쇼핑 취향이라면 이 카드에 탑승,"여행, 여가, 면세점 기프트서비스에전월실적/적립한도 없이 빅포인트적립!",기프트 서비스 (연3회),국내외 가맹점 최대 2% 빅포인트적립,공항 라운지 무료 입장Mastercard 프리미엄 서비스국내 특급 호텔 무료 발렛파킹인천공항 무료 발렛파킹Dine with Mastercard,디지털콘텐츠 50% 할인,멤버십 50% 할인,"영화 5,000원 할인",쉐이크쉑/써브웨이 30% 할인,온라인신규회원 연회비 100% 캐시백(삼성개인신용카드 신규발급 시 제공)
NH농협 SKYPASS카드,항공마일리지,이용금액1천5백원당1~3마일리지 적립,해외 1만5천원,,이용금액1천5백원당1~3마일리지 적립,"CGV, 롯데시네마, 메가박스",국내 면세점/대한항공 기내 면세점웨딩토탈 서비스 5~10% 현장할인,"스타벅스, 커피빈, 탐앤탐스",국내 서점/서적,국내외 여행패키지 3~5% 현장할인금강산콘도미니엄 77% 할인해외로밍 현장할인외화 환전 수수료 현장할인보험서비스 무료 가입,"전화영어, 화상영어 현장할인",
NH농협 올바른하나로(Hanaro) 카드,대형마트,농협판매장 이용시 5%NH포인트 적립,"국내 1만3천원, 해외 1만5천원",,농협판매장 이용시 5%NH포인트 적립,전국 병의원 및 약국 최대 5% 할인,대중교통 3% NH포인트적립,베이커리/커피 3% NH포인트 적립,편의점 3% NH포인트 적립,온라인서점 3% NH포인트 적립,영화 예매 3% NH포인트 적립,전국 주요 놀이공원 할인 
신한카드 Deep Taking,연회비지원,신규 고객 연회비 100% 캐시백!,자동으로 챙겨주는 나만의 카드,"쇼핑, 카페, 생활 17개 혜택 영역가는 곳만 가는 당신을 위한 적립카드",신규 고객 연회비 100% 캐시백!신규 회원이면 누구나 참여 가능!,"잘쓰는 혜택에 맞춰 최대 10% 적립쇼핑,여행,푸드,생활 영역 모든 적립",요기요·배달의민족 2% 적립 가능,통신사 자동이체 2% 포인트 적립가능,"GS25,CU 2% 포인트 적립 가능",주유소·충전소 2% 포인트 적립 가능,스타벅스·커피빈 등 2% 적립 가능베이커리 2% 포인트 적립 가능,주요 백화점 2% 적립 가능대형마트 2% 적립 가능홈쇼핑 2% 포인트 적립 가능G마켓·옥션·11번가 2% 적립 가능소셜커머스 2% 적립 가능패션& 뷰티 2% 적립 가능
NH올원 Rental&바디프랜드카드,렌탈,바디프랜드 월 최대 3만원 렌탈할인,"국내 1만2천원, 해외 1만4천원",,바디프랜드 월 최대 3만원 렌탈할인,전국 주요 놀이공원 할인,,,,,,
NH농협 올바른MYPICK 카드,카페/베이커리,[기본서비스],"국내 1만3천원, 해외 1만5천원",,[기본서비스]전세계스타벅스/국내 카페 5%청구할인[FOOD PACK]베이커리 5% 청구할인,"[기본서비스]전국 택시, 대중교통 5% 청구할인",[FOOD PACK]전세계 음식점 5% 청구할인,[FOOD PACK]편의점 5% 청구할인,[기본서비스]해외 전가맹점 5% 청구할인[SHOPPING PACK]온/오프라인 쇼핑 5% 청구할인[SHOPPING PACK]국내 면세점 5% 청구할인,"[SHOPPING PACK]전국 서점 5% 청구할인[HEALTH&BEAUTY PACK]스포츠 경기,공연 예매 5% 청구할인",[TRAVEL PACK]전국주유소/LPG충전소 5% 청구할인,[TRAVEL PACK]국내외 여행/숙박 예약 5% 청구할인
KB국민 KB Pay 챌린지카드,연회비지원,온라인신규신청 연회비 100% 캐시백,월 최대 5만 4천 포인트리 적립!,KB Pay이용시 월 최대5만포인트리매주 포인트리 1천점 적립,온라인신규신청 연회비 100% 캐시백홈페이지 내 신용카드 최초 발급 시,KB Pay 3회당 1천포인트리 적립매주 포인트리 1천점 적립,,,,,,
IBK I-알뜰교통플러스,대중교통,대중교통,"국내 2천원, 해외 4천원, 가족겸용 없음",,대중교통,"휘발유, 등유, 경유, LPG 포함!","SKT, KT, LG U+ 통신3사","패밀리 레스토랑 아웃백, 빕스 등","인터파크, CGV 통해 예매시",레저,,
1Q Global VIVA (원큐 글로벌 비바),대중교통,대중교통 최대 1만 머니 적립,"국내 1만3천원, 해외 1만5천원",,대중교통 최대 1만 머니 적립,전기요금/도시가스요금 최대 1만 적립,영화 5천원 할인,국제브랜드 수수료(1%) 면제글로벌 적립 최대 2만 머니,저가항공/면세점 최대 2만 머니 적립온라인쇼핑 최대 1만 머니 적립,통신요금 최대 1만 머니 적립,,
신한카드 D-day,연회비지원,신규 고객 연회비 100% 캐시백!,매일매일 다른 혜택 최대 5% 적립!,요일별 5% 적립，공항라운지 무료이용매일 받는 혜택! 혜택 최대 5%적립,신규 고객 연회비 100% 캐시백!신규 회원이면 누구나 참여 가능!,월요일~수요일 편의점 최대 5% 적립,목요일 영화 예매 최대 5% 적립,"월요일 스벅 최대 2,000원 할인",토요일 뷰티 가맹점 최대 5% 적립,일요일 온라인쇼핑 최대 5% 적립,버스/지하철 이용금액 최대 5% 적립,"멜론 스트리밍 2,000원 할인아마존프라임비디오 2,000원 할인"
KB국민 에버랜드 판다카드,레저,에버랜드 50% 캐리비안베이 30% ,"국내 1만2천원, 해외 1만7천원",,에버랜드 50% 캐리비안베이 30% 연간회원권 10% 기념품 매장 20%스타포유(주) 제휴 우대할인 ,SK주유소 리터당 60원 청구할인,주요 패밀리레스토랑 20% 청구할인,,,,,
카드의정석L.POINT,포인트/캐시백,롯데 L.POINT 1~2% 추가적립,"국내 1만원, 해외 1만2천원",,롯데 L.POINT 1~2% 추가적립국내가맹점 L.POINT 0.7%적립,영화관 L.POINT 3% 특별적립,외식 L.POINT 3% 특별적립,카페 L.POINT 3% 특별적립,이동통신 L.POINT 3% 특별적립,대중교통 L.POINT 3% 특별적립,전기차충전 L.POINT 3%특별적립주유 L.POINT 1% 특별적립,백화점/면세점L.POINT1%특별적립할인점 L.POINT 1% 특별적립온라인/홈쇼핑L.POINT1%특별적립아울렛/몰L.POINT 1% 특별적립
I’m ACTIVE 카드,의료,"병원, 운동, 건강식품, 보험료 등",연 최대 73만원 캐시백,"병원, 운동, 건강식품, 보험료 등건강 관련 업종에서 5% 캐시백!","병원, 운동, 건강식품, 보험료 등건강 관련 업종에서 5% 캐시백",월 이용금액 TOP3 그룹 자동으로 5% 캐시백보너스 1만원 캐시백,,,,,,
CLUB PREMIER 카드 [Hotel],프리미엄,국내 특급호텔 50% 청구할인,"해외 20만원, 가족 4만5천원",,국내 특급호텔 50% 청구할인전 세계 제휴 라운지 무료 입장국제 브랜드 서비스,전 주유소 주유 리터당 100원 할인,택시 20% 청구할인,"스타벅스, 커피빈 20% 청구할인",국내외 최대 1.5% 하나머니 적립,,,
I-나눔카드(일반),언제나할인,언제나 할인,"국내 1만4천원, 해외 1만5천원, 가족겸용 없음",,언제나 할인,LIVING 영역,LIVING 영역,LIVING 영역,LIVING 영역,LIVING 영역,LIVING 영역,LIVING 영역
미래에셋 현대카드 Diamond,포인트/캐시백,업종별 최대 5% 스탁마일리지 적립,"국내 50만원, 해외 50만원",,업종별 최대 5% 스탁마일리지 적립연간 20만 스탁마일리지 스페셜 적립,미래에셋증권 다이아몬드 등급 적용카이로스 멤버스 혜택 제공,30만원 상당 바우처 제공(연1회),공항 라운지 무료 이용메탈 소재 카드 플레이트 제공,면세점 최대 5% 특별적립백화점 최대 3% 특별적립프리미엄아울렛 최대 3% 특별적립,특급호텔 최대 5% 특별적립여행/항공 최대 5% 특별적립골프장/골프연습장 최대 5% 특별적립,,
E1 LPG KB국민카드,주유,E1 LPG 모바일충전 5천원권 증정,"국내 1만5천원, 해외 2만원",,E1 LPG 모바일충전 5천원권 증정E1 LPG 리터당 100원 청구할인,"골프장, 골프연습장 10% 청구할인",인터넷쇼핑몰/소셜 10% 청구할인,아웃백/빕스/TGIF 10% 청구할인,CGV 10% 청구할인,버스/지하철 10% 청구할인,,
Diners Club POINT,포인트/캐시백,국내 가맹점 1% 기본적립,다이너스카드의 재탄생,"전세계 주요 공항라운지 무료이용!국내 1%, 해외 2% 적립","국내 가맹점 1% 기본적립국내 가맹점 추가 적립해외 전가맹점/면세점 2% 적립보너스 포인트 100,000점 적립",프리미엄 기프트공항 라운지 무료이용권 8매프리미엄여행 할인권 20만원신세계 상품권 모바일 교환권 20만원신라면세점선불카드 20만원권 교환쿠폰우리WON꿀머니 20만점유의사항프리미엄 기프트 신청방법 ,국내 공항라운지 무료 이용해외 공항라운지 무료 이용라운지 이용방법K리무진 버스 무료 이용Diners 브랜드 서비스,"통합 월 1회, 연 4회 제공국내 지정 골프장 커피 무료 제공국내 지정 골프장 타석권 무료 제공",,,,
청호나이스 플러스 하나카드,렌탈,청호나이스 렌탈 월 1만 3천원 할인,"해외 1만2천원, 가족겸용 없음",,청호나이스 렌탈 월 1만 3천원 할인,"이마트, 홈플러스, 롯데마트 3%할인",커피빈 이용금액 10% 할인,,,,,
Deep Dream Platinum+ (미니언즈),프리미엄,제주항공·에어부산 10% 할인,전월실적 한도없이 포인트 적립!,백화점·쇼핑·카페 최대 5.5% 적립더해드림+챙겨드림 최대 5만포인트,제주항공·에어부산 10% 할인,적립한도 없이０.7~1.1% 기본적립DREAM영역 이용시 최대5.5%적립해외 이용금액 10% 캐시백DREAM영역,3대 백화점 최대 5.5% 적립기본 0.7~1.1% 한도없이 적립다이소 이용금액 최대 5.5% 적립,커피 업종 이용금액 최대 5.5%적립기본 0.7~1.1% 한도없이 적립,3대 편의점 이용시 최대 5.5%적립기본 0.7~1.1% 한도없이 적립,"택시 이용 3,6,9번째 2천원 할인대중교통 이용금액 최대 1.1% 적립","주말, 전 주유소 리터당 80원 적립기본 0.7~1.1% 한도없이 적립",영화관 이용금액 최대 5.5% 적립기본 0.7~1.1% 한도없이 적립
LOCA 환승 카드,포인트/캐시백,최대 5만원 환승 캐시백 혜택!,환승 프로젝트 이용 시 환승 캐시백!,환승 프로젝트 최대 5만원 캐시백!연최대 60만원 환승 캐시백 혜택,최대 5만원 환승 캐시백 혜택!띵샵 환승 프로젝트 구매 시,,,,,,,
신한카드 YaY,연회비지원,온라인 신규회원 연회비 100%캐시백,"국내 2만3천원, 해외 2만6천원신규 회원 최대 2만6천원 지급",,온라인 신규회원 연회비 100%캐시백신규 회원이면 누구나 참여 가능!,연간 최대 81만 포인트 적립,"넷플릭스, 왓챠 플레이 등 30%적립","배민, 요기요 등 최대 30% 적립","온라인쇼핑 월 최대 12,500P적립오늘의집, 런드리고 10% 적립앱마켓, NC소프트 등 10% 적립",스타벅스 사이렌오더 10%적립와인앤모어 10% 적립,,
신한카드 Deep Store,연회비지원,신규 고객 연회비 100% 캐시백!,"슈퍼,마트,편의점 할인 카드","생활쇼핑 가맹점 최대15% 할인커피전문점,제과점 업종 10%할인",신규 고객 연회비 100% 캐시백!신규 회원이면 누구나 참여 가능!,생활쇼핑 최대 15% 할인,3대 할인점 주말 10% 할인복합쇼핑몰 주말 10% 할인 ,해외거래시 서비스수수료 0.18%적립,주말 롯데시네마 5천원 할인 ,커피전문점/제과점 업종 10%할인,,
나무 NH농협카드,포인트/캐시백,나무증권 스마트 캐시백,"국내 1만5천원, 해외 1만5천원",,나무증권 스마트 캐시백나무멤버스 월 이용료 캐시백,국제공항 라운지 무료이용,,,,,,
현대백화점카드,쇼핑,3개월 무이자 할부 제공,"국내전용 없음, 해외겸용 없음, 가족겸용 없음",,3개월 무이자 할부 제공차량 이용시 2시간 무료주차권 제공5% 할인쿠폰 혜택 제공,,,,,,,
11번가 신한카드,쇼핑,이용금액0.5% SK pay포인트적립,365일 야간에도 주말에도 빠르게!,"전월 실적, 한도 없이 0.5% 적립SK pay 포인트로 11번가 결제!",이용금액0.5% SK pay포인트적립SK pay 이용금액 특별적립 1%,,,,,,,
NH농협 올바른NEW HAVE+ 카드,포인트/캐시백,기본적립: 0.7% NH포인트적립 ,"국내 2만3천원, 해외 2만5천원",,기본적립: 0.7% NH포인트적립 스마트적립: 1.4/2.8%추가적립,스마트적립 ①영역: 온라인쇼핑/배달앱스마트적립 ②영역: 오프라인쇼핑/잡화,스마트적립 ①영역: 온라인쇼핑/배달앱,스마트적립 ②영역: 오프라인쇼핑/잡화,스마트적립 ③영역: 이동통신 / 구독,스마트적립 ③영역: 이동통신 / 구독,스마트적립 ④영역: 대중교통 / 택시,스마트적립 ⑤영역: 커피/편의점
NH농협 SOHO 다사로이카드,관리비,4대사회보험·전기요금 5% 특별할인,"국내 1만2천원, 해외 1만2천원",,4대사회보험·전기요금 5% 특별할인,국내·해외 이용가맹점 0.5% 할인,사업경비·해외요금0.5%~1%추가할인,,,,,
바디프랜드 하나카드,렌탈,바디프랜드 렌탈 월 1만 3천원 할인,"해외 1만2천원, 가족겸용 없음",,바디프랜드 렌탈 월 1만 3천원 할인,"이마트, 홈플러스, 롯데마트 3%할인",커피빈 이용금액 10% 할인,,,,,
L.PAY 신한카드,포인트/캐시백,국내/해외 이용금액 0.1% 적립,L.Pay로 결제하면 최대 7% 적립,전월실적/한도없이 0.1% 적립롯데 가맹점 최대 7% 적립!,국내/해외 이용금액 0.1% 적립롯데 더드림영역 최대 7% 적립,롯데 더드림영역에서 최대 7% 적립,"롯데마트, 롯데슈퍼 최대 7% 적립","롯데백화점, 롯데홈쇼핑 최대7% 적립","롯데면세점, 롯데호텔 최대 7% 적립",세븐일레븐 이용금액 최대 7% 적립,후불교통 및 택시 이용금액 1% 적립,
신한카드 EVerywhere,주유,전기차 충전요금의 20%~30%캐시백,"국내 1만9천원, 해외 2만2천원",,전기차 충전요금의 20%~30%캐시백,디지털 구독 20% 캐시백,이동통신 5% 캐시백,편의점 5% 캐시백,베이커리〮커피전문점 5% 캐시백,주차앱 5천원 캐시백,,
티머니 Pay & GO 신한카드,대중교통,티머니페이앱 대중교통 30%결제일할인,"국내 1만5천원, 해외 1만8천원",,티머니페이앱 대중교통 30%결제일할인티머니GO앱 20% 결제일 할인,4대 백화점 5% 결제일 할인,5대 편의점 5% 결제일 할인,이동통신요금 자동이체 5% 결제일할인,커피전문점 5% 결제일 할인,,,
I’m DRIVING 카드,주유,"개인 맞춤 주유소, 모든 주유소 할인",365일 온라인 간편발급,"주유비 할인(기본/특별), 오토할인드라이버 할인(편의점, 주차장 등)","개인 맞춤 주유소, 모든 주유소 할인내가 원하는 주유 할인방식 선택!주유할인 혜택 안내",저녁 음식점 5% 할인,"드라이버를 위한 5% 할인!편의점, 주차장, 세차장, 대리운전","엔진오일 교환 연1회자동차 보험 할인 연 1회주차장,세차장,대리운전 5% 할인",,,,
NH농협 위 레아카드(포인트),포인트/캐시백,"기본 적립 : 국내 1%, 해외 2%",해외 29만5천원,,"기본 적립 : 국내 1%, 해외 2%추가 적립 : 국내 특별 가맹점 2%보너스 포인트 적립(연 1회)",프리미엄 바우처 서비스 연 1회 제공,전세계 공항 라운지 무료 이용,,,,,
GS리테일 NH농협카드,쇼핑,GS리테일 이용시 2% POINT적립,"국내 1만2천원, 해외 1만4천원",,GS리테일 이용시 2% POINT적립GS리테일 POP 서비스 이용가능,국내 이용금액 1% NH포인트적립국외 이용금액 2% NH포인트적립,국제공항라운지 무료이용 연 2회 제공,,,,,
신한카드 봄,포인트/캐시백,국내외 이용금액 최대 0.5% 캐시백,월 한도 없이 이용 금액 캐시백!,국내외 가맹 최대 0.5% 캐시백대중교통 일 최대 200원 캐시백,국내외 이용금액 최대 0.5% 캐시백,교통비 일 최대 200원 캐시백,디지털구독 서비스 최대 1만원 캐시백,,,,,
롤라카드,연회비지원,롯데카드 온라인신청 특별 혜택,신규 발급 연회비 100% 캐시백!,롤라머니 연 최대 84만원의 혜택!롯데그룹사 7% 롤라머니 적립!,롯데카드 온라인신청 특별 혜택신규회원 연회비 100% 캐시백이벤트,SK주유소 롤라머니 1% 적립,"롯데마트, 롯데빅마켓, 롯데슈퍼에서 롤라카드로 결제하고롤라머니 7% 적립 받기!",엔젤리너스에서 롤라카드로 결제하고롤라머니 7% 적립 받기!,"테마파크,호텔에서 롤라카드로 결제하고롤라머니 7% 적립 받기!","롯데리아, T.G.I.F에서롤라카드로 결제하고롤라머니 7% 적립 받기!",롯데시네마에서 롤라카드로 결제하고롤라머니 7% 적립 받기!,롭스에서 롤라카드로 결제하고롤라머니 7% 적립 받기!
땡겨요 신한카드,외식,땡겨요앱 이용금액 포인트 10% 적립,"국내 1만5천원, 해외 1만8천원",,땡겨요앱 이용금액 포인트 10% 적립,편의점 이용금액 포인트 5% 적립,,,,,,
미래에셋 현대카드 Gold,포인트/캐시백,업종별 최대 3% 스탁마일리지 적립,"국내 15만원, 해외 15만원",,업종별 최대 3% 스탁마일리지 적립연간 5만 스탁마일리지 스페셜 적립,미래에셋증권 골드 등급 적용,10만원 상당 바우처 제공(연1회),공항 라운지 무료 이용메탈 소재 카드 플레이트 제공,백화점 최대 3% 특별적립프리미엄 아울렛 최대 3% 특별적립온라인쇼핑 최대 2% 특별적립,커피전문점 최대 2% 특별적립,배달 앱 최대 2% 특별적립,편의점 최대 2% 특별적립
NH농협 위 테라카드(포인트),포인트/캐시백,"기본적립 : 국내 1%,해외 2%적립",해외 49만5천원,,"기본적립 : 국내 1%,해외 2%적립추가적립 : 국내외 주말 2~3%적립",프리미엄 바우처 서비스 연 1회 제공,전세계 스타벅스 4천원 청구할인,전세계 공항 라운지 무료 이용,,,,
New 제주항공 하나카드,레저,1천원당 30P 적립,"국내 1만7천원, 해외 1만7천원, 가족겸용 없음",,1천원당 30P 적립,1천원당 20P 적립 ,1천원당 20P 적립,1천원당 20P 적립,국내 전가맹점 1천원당 5P 적립,,,
Coffee Bean 신용카드,카페/베이커리,커피빈 이용·카드 충전 시 청구할인,커피빈 특화 + 생활 밀착 서비스,커피빈 이용 시 건당 3천원 할인주요 생활 영역 5% 청구 할인,커피빈 이용·카드 충전 시 청구할인커피빈 모바일 쿠폰 제공,편의점 5% 청구 할인 ,약국 5% 청구 할인 ,패밀리레스토랑  5% 청구 할인패스트푸드 5% 청구 할인 ,주유소·충전소 5% 청구 할인 ,학원 5% 청구 할인 ,골프·골프연습장 5% 청구 할인 ,미용실 5% 청구 할인 
NH농협 올바른지구카드,대중교통,버스/지하철/택시/철도 7% 청구할인,"국내 1만3천원, 해외 1만5천원, 가족겸용 없음",,버스/지하철/택시/철도 7% 청구할인공유모빌리티 7% 청구할인전기차 충전 7% 청구할인,이동통신요금 5% 청구할인 (월1건),오픈마켓/배달앱 5% 청구할인,스포츠 매장 5% 청구할인,H&B매장 5% 청구할인,"커피전문점 2,000원 청구할인","편의점 1,000원 청구할인 ",
LFmall 신용카드,쇼핑, LFmall 이용 시 5% 할인,KB국민카드만의 LF몰 할인특화카드,알뜰하게 LF몰 5% 할인 받고국내외가맹점 0.5% 포인트리도 받자, LFmall 이용 시 5% 할인,"전월실적, 적립한도 없이 0.5%적립",,,,,,
교원 웰스 KB국민카드,렌탈,최대 2만원 청구할인,"웰스로건강하게,KB국민카드로 알뜰하게","교원웰스 렌탈료 최대 2만원 할인빕스·아웃백 20%, 놀이공원 할인",최대 2만원 청구할인교원 웰스 렌탈료 자동이체 시,패밀리레스토랑 20% 할인,"인터파크 영화 예매 3,500원 할인","롯데월드,에버랜드 50% 현장할인캐리비안베이 30% 현장할인",,,,
기업은행 참! 좋은 다이소카드,쇼핑,다이소매장 30%할인,"국내 1만원, 해외 1만2천원",,"다이소매장 30%할인쿠팡, 티몬, 위메프 20% 할인","미용실 이용시, 20% 청구할인 주 편의점·올리브영 10%할인","스타벅스, 커피빈, 할리스, 투썸 등주요 카페 20% 할인!","CGV, 롯데시네마 영화 4,000원 할인!","이마트, 홈플러스, 롯데마트농협하나로클럽, 대형마트 5% 할인!",레저,"휘발유, 등유, 경유, LPG 포함전 주유소 리터당 40원 할인!","편의점, 월 2회 10% 할인올리브영, 랄라블라10%할인"
우리카드 WON DISCOUNT AIR,언제나할인,할인한도 없이 0.7% 기본 할인,배달의민족/넷플릭스/멜론 할인카드,디지털 업종 10% 할인대중교통/통신 5% 할인,할인한도 없이 0.7% 기본 할인,"멜론, 넷플릭스 정기결제 10% 할인",배달의민족 이용금액 10% 할인,스타벅스 사이렌오더 10% 할인,전기차 충전 10% 할인,대중교통 이용금액 5% 할인,이동통신 요금 5% 할인,해외 이용금액 5% 할인
KB국민 Green Wave 1.5℃ 카드,연회비지원,온라인신규신청 연회비 100% 캐시백,친환경 소비도하고 환경재단에 기부까지,"친환경마켓 20% 포인트리 적립킥고잉, 따릉이 20% 포인트리 적립",온라인신규신청 연회비 100% 캐시백홈페이지 내 신용카드 최초 발급 시,"따릉이, 킥고잉등 20% 포인트리적립모바일단독카드 이용시 1천포인트리적립환경재단 기부포인트 적립 서비스",전기/수소차 충전 10% 포인트리적립,"버스/지하철, 철도 10%포인트리적립",스트리밍 이용시 포인트리 1천점 적립,굿윌스토어 이용시 포인트리 1천점적립친환경 마켓 20% 포인트리 적립업사이클링 제품 10% 포인트리 적립트리플래닛 10% 포인트리 적립,,
NH농협 LCC UniMile 카드,포인트/캐시백,저비용항공사 LCC UniMile적립,해외 2만5천원,,저비용항공사 LCC UniMile적립국내외가맹점 이용시 UniMile적립,생활 할인 서비스이동통신 자동이체 요금 3% 청구할인,생활 할인 서비스택시요금 3% 청구할인,국내외 공항라운지 서비스UnionPay 위탁수하물 서비스,,,,
NH농협 올바른Edu카드,교육,"유치원, 학원, 학습지 5% 청구할인",국내 2만3천원,,"유치원, 학원, 학습지 5% 청구할인교육비 자동납부 시 2천원 청구할인",온라인쇼핑몰 0.5~1% 청구할인,카페/베이커리 0.5~1% 청구할인,영화 0.5~1% 청구할인,대중교통 0.5~1% 청구할인,편의점 0.5~1% 청구할인,온라인 도서 0.5~1% 청구할인,통신비 0.5~1% 청구할인
미래에셋 현대카드 Silver,포인트/캐시백,적립한도 없이 업종별 최대 2% 적립,"국내 3만원, 해외 3만원",,적립한도 없이 업종별 최대 2% 적립,미래에셋증권 실버 등급 적용,온라인 쇼핑 최대 2% 특별적립,커피전문점 최대 2% 특별적립,배달 앱 최대 2% 특별적립,편의점 최대 2% 특별적립,디지털 콘텐츠 최대 2% 특별적립,
KB국민 위메프페이 신용카드,포인트/캐시백,"위메프 2%, 위메프오 1%적립",전월실적 없어도 포인트 적립가능!,"위메프 2%, 위메프오 1% 적립생활영역·구독서비스 이용시 5% 적립","위메프 2%, 위메프오 1%적립전 가맹점 이용금액의 0.2%적립",카페 이용 시 위메프포인트 5% 적립,편의점 이용 시 위메프포인트5% 적립,맥도날드 등 위메프포인트 5% 적립패밀리레스토랑 위메프포인트 5% 적립,미용실 이용 시 위메프포인트 5%적립,골프·골프연습장 이용 시 위메프포인트 5% 적립,넷플릭스·웨이브 이용 시 위메프포인트 5% 적립,
우리 햇살론카드,통신,이동통신 업종 모아포인트 3% 적립,포인트 적립 특화카드!,모아포인트 0.8~3% 적립 모아포인트 5천점 보너스 적립까지!,이동통신 업종 모아포인트 3% 적립,대중교통 업종 모아포인트 3% 적립,커피 업종 모아포인트 3% 적립,영화 업종 모아포인트 3% 적립,특별 적립백화점 업종 모아포인트 1% 적립할인점 업종 모아포인트 1% 적립온라인쇼핑 업종 모아포인트 1% 적립유의사항,주유업종 모아포인트 1% 적립,국내 가맹점 모아포인트 0.8% 적립보너스 적립월 적립 한도,
현대백화점 해피포인트카드,포인트/캐시백,가맹점에서 1천원이상 구매시 5%적립,"국내전용 없음, 해외겸용 없음, 가족겸용 없음",,가맹점에서 1천원이상 구매시 5%적립해피포인트로 즐기는 다양한 혜택,3개월 무이자 할부 제공5% 할인쿠폰 혜택 제공차량 이용시 2시간 무료주차권 제공,,,,,,
KB국민 레고랜드 매니아카드,레저,레고랜드 코리아 이용권 30% 할인,KB국민카드니까 가능한 레고랜드 할인,레고랜드코리아 최대 20%할인에추가 30% 청구할인까지!,레고랜드 코리아 이용권 30% 할인 레고랜드 리조트 30% 할인,레고 코리아 공식온라인몰 10% 할인완구점 업종 10% 할인 신세계백화점 등 백화점 10% 할인,이마트 등 대형마트 10% 할인,배달의민족 등 배달앱 10% 할인,넷플릭스 등 구독 서비스 20% 할인,KB Pay 결제 10% 할인,해외 가맹점 이용 10% 캐시백웰컴 레고랜드 포인트리 7만점 적립레고랜드 포인트리 8만점 적립,
NH농협 SOHO 다사로이+카드,관리비,4대사회보험·전기요금 5% 특별할인,"국내 2만3천원, 해외 2만5천원",,4대사회보험·전기요금 5% 특별할인,스타벅스 30% 특별할인,"넷플릭스, 멜론 30% 특별할인","국내, 해외 이용가맹점 0.5% 할인","사업경비,해외요금0.5%~1.5%할인",국제 브랜드 프리미엄 서비스 제공,,
현대백화점 현대오일뱅크카드,쇼핑,3개월 무이자 할부 제공,"국내전용 없음, 해외겸용 없음, 가족겸용 없음",,3개월 무이자 할부 제공5% 할인쿠폰 혜택 제공차량 이용시 2시간 무료주차권 제공,,,,,,,
